sampling_strategy,value_selector,selector,source,defense_method,sanitizer,poison_recall_percent_count,poison_recall_percent_mean,poison_recall_percent_std,poison_recall_percent_min,poison_recall_percent_max,removed_poisoned_rows_count,removed_poisoned_rows_mean,removed_poisoned_rows_std,removed_poisoned_rows_min,removed_poisoned_rows_max,removed_clean_rows_count,removed_clean_rows_mean,removed_clean_rows_std,removed_clean_rows_min,removed_clean_rows_max,removed_rows_count,removed_rows_mean,removed_rows_std,removed_rows_min,removed_rows_max,clean_false_positive_rate_percent_count,clean_false_positive_rate_percent_mean,clean_false_positive_rate_percent_std,clean_false_positive_rate_percent_min,clean_false_positive_rate_percent_max,poison_removal_precision_percent_count,poison_removal_precision_percent_mean,poison_removal_precision_percent_std,poison_removal_precision_percent_min,poison_removal_precision_percent_max,attack_effectiveness_percent_count,attack_effectiveness_percent_mean,attack_effectiveness_percent_std,attack_effectiveness_percent_min,attack_effectiveness_percent_max,backdoored_clean_accuracy_percent_count,backdoored_clean_accuracy_percent_mean,backdoored_clean_accuracy_percent_std,backdoored_clean_accuracy_percent_min,backdoored_clean_accuracy_percent_max
distribution_based_distance,argmin_Nv_sum_abs_shap,CountAbsSHAP*,Severi-derived,hdbscan,HDBSCAN,1,62.74038461538461,,62.74038461538461,62.74038461538461,1,1305.0,,1305,1305,1,44979.0,,44979,44979,1,46284.0,,46284,46284,1,44.13167189952904,,44.13167189952904,44.13167189952904,1,2.819548872180451,,2.819548872180451,2.819548872180451,1,99.04213910983246,,99.04213910983246,99.04213910983246,1,98.80013538669826,,98.80013538669826,98.80013538669826
distribution_based_distance,argmin_Nv_sum_abs_shap,CountAbsSHAP*,Severi-derived,isolation_forest,Isolation Forest,1,100.0,,100.0,100.0,1,2080.0,,2080,2080,1,0.0,,0,0,1,2080.0,,2080,2080,1,0.0,,0.0,0.0,1,100.0,,100.0,100.0,1,99.04213910983246,,99.04213910983246,99.04213910983246,1,98.80013538669826,,98.80013538669826,98.80013538669826
distribution_based_distance,argmin_Nv_sum_abs_shap,CountAbsSHAP*,Severi-derived,spectral_signature,Spectral Signature,1,68.36538461538461,,68.36538461538461,68.36538461538461,1,1422.0,,1422,1422,1,658.0,,658,658,1,2080.0,,2080,2080,1,0.6456043956043955,,0.6456043956043955,0.6456043956043955,1,68.36538461538461,,68.36538461538461,68.36538461538461,1,99.04213910983246,,99.04213910983246,99.04213910983246,1,98.80013538669826,,98.80013538669826,98.80013538669826
distribution_based_distance,benign_prototype,BenignPrototype,This work,hdbscan,HDBSCAN,1,50.0,,50.0,50.0,1,1040.0,,1040,1040,1,42090.0,,42090,42090,1,43130.0,,43130,43130,1,41.29709576138148,,41.29709576138148,41.29709576138148,1,2.411314630187804,,2.411314630187804,2.411314630187804,1,81.28109663225588,,81.28109663225588,81.28109663225588,1,98.8085970553393,,98.8085970553393,98.8085970553393
distribution_based_distance,benign_prototype,BenignPrototype,This work,isolation_forest,Isolation Forest,1,0.0,,0.0,0.0,1,0.0,,0,0,1,2080.0,,2080,2080,1,2080.0,,2080,2080,1,2.0408163265306123,,2.0408163265306123,2.0408163265306123,1,0.0,,0.0,0.0,1,81.28109663225588,,81.28109663225588,81.28109663225588,1,98.8085970553393,,98.8085970553393,98.8085970553393
distribution_based_distance,benign_prototype,BenignPrototype,This work,spectral_signature,Spectral Signature,1,0.0,,0.0,0.0,1,0.0,,0,0,1,2080.0,,2080,2080,1,2080.0,,2080,2080,1,2.0408163265306123,,2.0408163265306123,2.0408163265306123,1,0.0,,0.0,0.0,1,81.28109663225588,,81.28109663225588,81.28109663225588,1,98.8085970553393,,98.8085970553393,98.8085970553393
distribution_based_distance,combined_shap,CombinedSHAP*,Severi-derived,hdbscan,HDBSCAN,1,38.50961538461539,,38.50961538461539,38.50961538461539,1,801.0,,801,801,1,42121.0,,42121,42121,1,42922.0,,42922,42922,1,41.327511773940344,,41.327511773940344,41.327511773940344,1,1.86617585387447,,1.86617585387447,1.86617585387447,1,84.72499576916567,,84.72499576916567,84.72499576916567,1,98.74259603993907,,98.74259603993907,98.74259603993907
distribution_based_distance,combined_shap,CombinedSHAP*,Severi-derived,isolation_forest,Isolation Forest,1,2.2596153846153846,,2.2596153846153846,2.2596153846153846,1,47.0,,47,47,1,2033.0,,2033,2033,1,2080.0,,2080,2080,1,1.994701726844584,,1.994701726844584,1.994701726844584,1,2.2596153846153846,,2.2596153846153846,2.2596153846153846,1,84.72499576916567,,84.72499576916567,84.72499576916567,1,98.74259603993907,,98.74259603993907,98.74259603993907
distribution_based_distance,combined_shap,CombinedSHAP*,Severi-derived,spectral_signature,Spectral Signature,1,8.653846153846153,,8.653846153846153,8.653846153846153,1,180.0,,180,180,1,1900.0,,1900,1900,1,2080.0,,2080,2080,1,1.8642072213500787,,1.8642072213500787,1.8642072213500787,1,8.653846153846153,,8.653846153846153,8.653846153846153,1,84.72499576916567,,84.72499576916567,84.72499576916567,1,98.74259603993907,,98.74259603993907,98.74259603993907
distribution_based_distance,corr_count_abs_shap,CorrCountAbsSHAP,This work,hdbscan,HDBSCAN,1,40.52884615384615,,40.52884615384615,40.52884615384615,1,843.0,,843,843,1,41854.0,,41854,41854,1,42697.0,,42697,42697,1,41.06554160125589,,41.06554160125589,41.06554160125589,1,1.9743775909314472,,1.9743775909314472,1.9743775909314472,1,99.26045016077173,,99.26045016077173,99.26045016077173,1,98.79505838551364,,98.79505838551364,98.79505838551364
distribution_based_distance,corr_count_abs_shap,CorrCountAbsSHAP,This work,isolation_forest,Isolation Forest,1,8.125,,8.125,8.125,1,169.0,,169,169,1,1910.0,,1910,1910,1,2079.0,,2079,2079,1,1.8740188383045526,,1.8740188383045526,1.8740188383045526,1,8.128908128908128,,8.128908128908128,8.128908128908128,1,99.26045016077173,,99.26045016077173,99.26045016077173,1,98.79505838551364,,98.79505838551364,98.79505838551364
distribution_based_distance,corr_count_abs_shap,CorrCountAbsSHAP,This work,spectral_signature,Spectral Signature,1,1.25,,1.25,1.25,1,26.0,,26,26,1,2054.0,,2054,2054,1,2080.0,,2080,2080,1,2.0153061224489797,,2.0153061224489797,2.0153061224489797,1,1.25,,1.25,1.25,1,99.26045016077173,,99.26045016077173,99.26045016077173,1,98.79505838551364,,98.79505838551364,98.79505838551364
distribution_based_distance,frequency_bounded_signed_shap,FrequencyBoundedSignedSHAP,This work,hdbscan,HDBSCAN,1,40.48076923076923,,40.48076923076923,40.48076923076923,1,842.0,,842,842,1,41888.0,,41888,41888,1,42730.0,,42730,42730,1,41.098901098901095,,41.098901098901095,41.098901098901095,1,1.9705125204774163,,1.9705125204774163,1.9705125204774163,1,95.77931968184126,,95.77931968184126,95.77931968184126,1,98.82890506007784,,98.82890506007784,98.82890506007784
distribution_based_distance,frequency_bounded_signed_shap,FrequencyBoundedSignedSHAP,This work,isolation_forest,Isolation Forest,1,91.97115384615384,,91.97115384615384,91.97115384615384,1,1913.0,,1913,1913,1,167.0,,167,167,1,2080.0,,2080,2080,1,0.16385400313971743,,0.16385400313971743,0.16385400313971743,1,91.97115384615384,,91.97115384615384,91.97115384615384,1,95.77931968184126,,95.77931968184126,95.77931968184126,1,98.82890506007784,,98.82890506007784,98.82890506007784
distribution_based_distance,frequency_bounded_signed_shap,FrequencyBoundedSignedSHAP,This work,spectral_signature,Spectral Signature,1,10.192307692307692,,10.192307692307692,10.192307692307692,1,212.0,,212,212,1,1868.0,,1868,1868,1,2080.0,,2080,2080,1,1.8328100470957613,,1.8328100470957613,1.8328100470957613,1,10.192307692307692,,10.192307692307692,10.192307692307692,1,95.77931968184126,,95.77931968184126,95.77931968184126,1,98.82890506007784,,98.82890506007784,98.82890506007784
distribution_based_distance,low_shap_signed,LowSHAPSigned,This work,hdbscan,HDBSCAN,1,58.99038461538461,,58.99038461538461,58.99038461538461,1,1227.0,,1227,1227,1,43957.0,,43957,43957,1,45184.0,,45184,45184,1,43.12892464678179,,43.12892464678179,43.12892464678179,1,2.715563031161473,,2.715563031161473,2.715563031161473,1,93.49636148248436,,93.49636148248436,93.49636148248436,1,98.8390590624471,,98.8390590624471,98.8390590624471
distribution_based_distance,low_shap_signed,LowSHAPSigned,This work,isolation_forest,Isolation Forest,1,99.90384615384616,,99.90384615384616,99.90384615384616,1,2078.0,,2078,2078,1,2.0,,2,2,1,2080.0,,2080,2080,1,0.0019623233908948193,,0.0019623233908948193,0.0019623233908948193,1,99.90384615384616,,99.90384615384616,99.90384615384616,1,93.49636148248436,,93.49636148248436,93.49636148248436,1,98.8390590624471,,98.8390590624471,98.8390590624471
distribution_based_distance,low_shap_signed,LowSHAPSigned,This work,spectral_signature,Spectral Signature,1,68.36538461538461,,68.36538461538461,68.36538461538461,1,1422.0,,1422,1422,1,658.0,,658,658,1,2080.0,,2080,2080,1,0.6456043956043955,,0.6456043956043955,0.6456043956043955,1,68.36538461538461,,68.36538461538461,68.36538461538461,1,93.49636148248436,,93.49636148248436,93.49636148248436,1,98.8390590624471,,98.8390590624471,98.8390590624471
distribution_based_distance,min_population_new,MinPopulation*,Severi-derived,hdbscan,HDBSCAN,1,65.76923076923077,,65.76923076923077,65.76923076923077,1,1368.0,,1368,1368,1,43803.0,,43803,43803,1,45171.0,,45171,45171,1,42.97782574568289,,42.97782574568289,42.97782574568289,1,3.0284917314206017,,3.0284917314206017,3.0284917314206017,1,99.17752580808936,,99.17752580808936,99.17752580808936,1,98.8525977322728,,98.8525977322728,98.8525977322728
distribution_based_distance,min_population_new,MinPopulation*,Severi-derived,isolation_forest,Isolation Forest,1,100.0,,100.0,100.0,1,2080.0,,2080,2080,1,0.0,,0,0,1,2080.0,,2080,2080,1,0.0,,0.0,0.0,1,100.0,,100.0,100.0,1,99.17752580808936,,99.17752580808936,99.17752580808936,1,98.8525977322728,,98.8525977322728,98.8525977322728
distribution_based_distance,min_population_new,MinPopulation*,Severi-derived,spectral_signature,Spectral Signature,1,68.36538461538461,,68.36538461538461,68.36538461538461,1,1422.0,,1422,1422,1,658.0,,658,658,1,2080.0,,2080,2080,1,0.6456043956043955,,0.6456043956043955,0.6456043956043955,1,68.36538461538461,,68.36538461538461,68.36538461538461,1,99.17752580808936,,99.17752580808936,99.17752580808936,1,98.8525977322728,,98.8525977322728,98.8525977322728
distribution_based_distance,quantile_95,Quantile95,This work,hdbscan,HDBSCAN,1,43.84615384615385,,43.84615384615385,43.84615384615385,1,912.0,,912,912,1,42958.0,,42958,42958,1,43870.0,,43870,43870,1,42.14874411302983,,42.14874411302983,42.14874411302983,1,2.0788693868247092,,2.0788693868247092,2.0788693868247092,1,96.82179725841937,,96.82179725841937,96.82179725841937,1,98.81536639025217,,98.81536639025217,98.81536639025217
distribution_based_distance,quantile_95,Quantile95,This work,isolation_forest,Isolation Forest,1,30.33653846153846,,30.33653846153846,30.33653846153846,1,631.0,,631,631,1,1448.0,,1448,1448,1,2079.0,,2079,2079,1,1.4207221350078494,,1.4207221350078494,1.4207221350078494,1,30.35113035113035,,30.35113035113035,30.35113035113035,1,96.82179725841937,,96.82179725841937,96.82179725841937,1,98.81536639025217,,98.81536639025217,98.81536639025217
distribution_based_distance,quantile_95,Quantile95,This work,spectral_signature,Spectral Signature,1,9.903846153846153,,9.903846153846153,9.903846153846153,1,206.0,,206,206,1,1874.0,,1874,1874,1,2080.0,,2080,2080,1,1.838697017268446,,1.838697017268446,1.838697017268446,1,9.903846153846153,,9.903846153846153,9.903846153846153,1,96.82179725841937,,96.82179725841937,96.82179725841937,1,98.81536639025217,,98.81536639025217,98.81536639025217
random,argmin_Nv_sum_abs_shap,CountAbsSHAP*,Severi-derived,hdbscan,HDBSCAN,1,59.66346153846154,,59.66346153846154,59.66346153846154,1,1241.0,,1241,1241,1,44886.0,,44886,44886,1,46127.0,,46127,46127,1,44.04042386185243,,44.04042386185243,44.04042386185243,1,2.690398248314436,,2.690398248314436,2.690398248314436,1,15.643932983584364,,15.643932983584364,15.643932983584364,1,98.62413267896429,,98.62413267896429,98.62413267896429
random,argmin_Nv_sum_abs_shap,CountAbsSHAP*,Severi-derived,isolation_forest,Isolation Forest,1,100.0,,100.0,100.0,1,2080.0,,2080,2080,1,0.0,,0,0,1,2080.0,,2080,2080,1,0.0,,0.0,0.0,1,100.0,,100.0,100.0,1,15.643932983584364,,15.643932983584364,15.643932983584364,1,98.62413267896429,,98.62413267896429,98.62413267896429
random,argmin_Nv_sum_abs_shap,CountAbsSHAP*,Severi-derived,spectral_signature,Spectral Signature,1,0.19230769230769232,,0.19230769230769232,0.19230769230769232,1,4.0,,4,4,1,2076.0,,2076,2076,1,2080.0,,2080,2080,1,2.0368916797488223,,2.0368916797488223,2.0368916797488223,1,0.19230769230769232,,0.19230769230769232,0.19230769230769232,1,15.643932983584364,,15.643932983584364,15.643932983584364,1,98.62413267896429,,98.62413267896429,98.62413267896429
random,benign_prototype,BenignPrototype,This work,hdbscan,HDBSCAN,1,41.44230769230769,,41.44230769230769,41.44230769230769,1,862.0,,862,862,1,42472.0,,42472,42472,1,43334.0,,43334,43334,1,41.67189952904239,,41.67189952904239,41.67189952904239,1,1.98920016615129,,1.98920016615129,1.98920016615129,1,2.7178879675071923,,2.7178879675071923,2.7178879675071923,1,98.55982399729226,,98.55982399729226,98.55982399729226
random,benign_prototype,BenignPrototype,This work,isolation_forest,Isolation Forest,1,0.0,,0.0,0.0,1,0.0,,0,0,1,2080.0,,2080,2080,1,2080.0,,2080,2080,1,2.0408163265306123,,2.0408163265306123,2.0408163265306123,1,0.0,,0.0,0.0,1,2.7178879675071923,,2.7178879675071923,2.7178879675071923,1,98.55982399729226,,98.55982399729226,98.55982399729226
random,benign_prototype,BenignPrototype,This work,spectral_signature,Spectral Signature,1,0.0,,0.0,0.0,1,0.0,,0,0,1,2080.0,,2080,2080,1,2080.0,,2080,2080,1,2.0408163265306123,,2.0408163265306123,2.0408163265306123,1,0.0,,0.0,0.0,1,2.7178879675071923,,2.7178879675071923,2.7178879675071923,1,98.55982399729226,,98.55982399729226,98.55982399729226
random,combined_shap,CombinedSHAP*,Severi-derived,hdbscan,HDBSCAN,1,7.0673076923076925,,7.0673076923076925,7.0673076923076925,1,147.0,,147,147,1,42951.0,,42951,42951,1,43098.0,,43098,43098,1,42.1418759811617,,42.1418759811617,42.1418759811617,1,0.3410831129054713,,0.3410831129054713,0.3410831129054713,1,7.642579116601795,,7.642579116601795,7.642579116601795,1,98.55643932983584,,98.55643932983584,98.55643932983584
random,combined_shap,CombinedSHAP*,Severi-derived,isolation_forest,Isolation Forest,1,0.7211538461538461,,0.7211538461538461,0.7211538461538461,1,15.0,,15,15,1,2065.0,,2065,2065,1,2080.0,,2080,2080,1,2.026098901098901,,2.026098901098901,2.026098901098901,1,0.7211538461538461,,0.7211538461538461,0.7211538461538461,1,7.642579116601795,,7.642579116601795,7.642579116601795,1,98.55643932983584,,98.55643932983584,98.55643932983584
random,combined_shap,CombinedSHAP*,Severi-derived,spectral_signature,Spectral Signature,1,0.0,,0.0,0.0,1,0.0,,0,0,1,2080.0,,2080,2080,1,2080.0,,2080,2080,1,2.0408163265306123,,2.0408163265306123,2.0408163265306123,1,0.0,,0.0,0.0,1,7.642579116601795,,7.642579116601795,7.642579116601795,1,98.55643932983584,,98.55643932983584,98.55643932983584
random,corr_count_abs_shap,CorrCountAbsSHAP,This work,hdbscan,HDBSCAN,1,7.163461538461538,,7.163461538461538,7.163461538461538,1,149.0,,149,149,1,42295.0,,42295,42295,1,42444.0,,42444,42444,1,41.498233908948194,,41.498233908948194,41.498233908948194,1,0.35105079634341724,,0.35105079634341724,0.35105079634341724,1,10.822474191910644,,10.822474191910644,10.822474191910644,1,98.59874767304112,,98.59874767304112,98.59874767304112
random,corr_count_abs_shap,CorrCountAbsSHAP,This work,isolation_forest,Isolation Forest,1,1.2980769230769231,,1.2980769230769231,1.2980769230769231,1,27.0,,27,27,1,2053.0,,2053,2053,1,2080.0,,2080,2080,1,2.014324960753532,,2.014324960753532,2.014324960753532,1,1.2980769230769231,,1.2980769230769231,1.2980769230769231,1,10.822474191910644,,10.822474191910644,10.822474191910644,1,98.59874767304112,,98.59874767304112,98.59874767304112
random,corr_count_abs_shap,CorrCountAbsSHAP,This work,spectral_signature,Spectral Signature,1,0.0,,0.0,0.0,1,0.0,,0,0,1,2080.0,,2080,2080,1,2080.0,,2080,2080,1,2.0408163265306123,,2.0408163265306123,2.0408163265306123,1,0.0,,0.0,0.0,1,10.822474191910644,,10.822474191910644,10.822474191910644,1,98.59874767304112,,98.59874767304112,98.59874767304112
random,frequency_bounded_signed_shap,FrequencyBoundedSignedSHAP,This work,hdbscan,HDBSCAN,1,0.9134615384615385,,0.9134615384615385,0.9134615384615385,1,19.0,,19,19,1,42374.0,,42374,42374,1,42393.0,,42393,42393,1,41.57574568288854,,41.57574568288854,41.57574568288854,1,0.04481872007170995,,0.04481872007170995,0.04481872007170995,1,15.266542562193264,,15.266542562193264,15.266542562193264,1,98.6393636825182,,98.6393636825182,98.6393636825182
random,frequency_bounded_signed_shap,FrequencyBoundedSignedSHAP,This work,isolation_forest,Isolation Forest,1,87.88461538461539,,87.88461538461539,87.88461538461539,1,1828.0,,1828,1828,1,249.0,,249,249,1,2077.0,,2077,2077,1,0.244309262166405,,0.244309262166405,0.244309262166405,1,88.01155512758787,,88.01155512758787,88.01155512758787,1,15.266542562193264,,15.266542562193264,15.266542562193264,1,98.6393636825182,,98.6393636825182,98.6393636825182
random,frequency_bounded_signed_shap,FrequencyBoundedSignedSHAP,This work,spectral_signature,Spectral Signature,1,0.0,,0.0,0.0,1,0.0,,0,0,1,2080.0,,2080,2080,1,2080.0,,2080,2080,1,2.0408163265306123,,2.0408163265306123,2.0408163265306123,1,0.0,,0.0,0.0,1,15.266542562193264,,15.266542562193264,15.266542562193264,1,98.6393636825182,,98.6393636825182,98.6393636825182
random,low_shap_signed,LowSHAPSigned,This work,hdbscan,HDBSCAN,1,55.67307692307693,,55.67307692307693,55.67307692307693,1,1158.0,,1158,1158,1,41846.0,,41846,41846,1,43004.0,,43004,43004,1,41.05769230769231,,41.05769230769231,41.05769230769231,1,2.692772765324156,,2.692772765324156,2.692772765324156,1,15.122694195295312,,15.122694195295312,15.122694195295312,1,98.61228634286682,,98.61228634286682,98.61228634286682
random,low_shap_signed,LowSHAPSigned,This work,isolation_forest,Isolation Forest,1,97.78846153846153,,97.78846153846153,97.78846153846153,1,2034.0,,2034,2034,1,45.0,,45,45,1,2079.0,,2079,2079,1,0.04415227629513344,,0.04415227629513344,0.04415227629513344,1,97.83549783549783,,97.83549783549783,97.83549783549783,1,15.122694195295312,,15.122694195295312,15.122694195295312,1,98.61228634286682,,98.61228634286682,98.61228634286682
random,low_shap_signed,LowSHAPSigned,This work,spectral_signature,Spectral Signature,1,20.14423076923077,,20.14423076923077,20.14423076923077,1,419.0,,419,419,1,1661.0,,1661,1661,1,2080.0,,2080,2080,1,1.6297095761381477,,1.6297095761381477,1.6297095761381477,1,20.14423076923077,,20.14423076923077,20.14423076923077,1,15.122694195295312,,15.122694195295312,15.122694195295312,1,98.61228634286682,,98.61228634286682,98.61228634286682
random,min_population_new,MinPopulation*,Severi-derived,hdbscan,HDBSCAN,1,62.54807692307692,,62.54807692307692,62.54807692307692,1,1301.0,,1301,1301,1,43636.0,,43636,43636,1,44937.0,,44937,44937,1,42.813971742543174,,42.813971742543174,42.813971742543174,1,2.8951643411887757,,2.8951643411887757,2.8951643411887757,1,14.345913014046369,,14.345913014046369,14.345913014046369,1,98.61567101032324,,98.61567101032324,98.61567101032324
random,min_population_new,MinPopulation*,Severi-derived,isolation_forest,Isolation Forest,1,100.0,,100.0,100.0,1,2080.0,,2080,2080,1,0.0,,0,0,1,2080.0,,2080,2080,1,0.0,,0.0,0.0,1,100.0,,100.0,100.0,1,14.345913014046369,,14.345913014046369,14.345913014046369,1,98.61567101032324,,98.61567101032324,98.61567101032324
random,min_population_new,MinPopulation*,Severi-derived,spectral_signature,Spectral Signature,1,1.3942307692307694,,1.3942307692307694,1.3942307692307694,1,29.0,,29,29,1,2051.0,,2051,2051,1,2080.0,,2080,2080,1,2.0123626373626373,,2.0123626373626373,2.0123626373626373,1,1.3942307692307694,,1.3942307692307694,1.3942307692307694,1,14.345913014046369,,14.345913014046369,14.345913014046369,1,98.61567101032324,,98.61567101032324,98.61567101032324
random,quantile_95,Quantile95,This work,hdbscan,HDBSCAN,1,39.95192307692308,,39.95192307692308,39.95192307692308,1,831.0,,831,831,1,41983.0,,41983,41983,1,42814.0,,42814,42814,1,41.19211145996861,,41.19211145996861,41.19211145996861,1,1.94095389358621,,1.94095389358621,1.94095389358621,1,8.46674564224065,,8.46674564224065,8.46674564224065,1,98.6393636825182,,98.6393636825182,98.6393636825182
random,quantile_95,Quantile95,This work,isolation_forest,Isolation Forest,1,29.134615384615387,,29.134615384615387,29.134615384615387,1,606.0,,606,606,1,1474.0,,1474,1474,1,2080.0,,2080,2080,1,1.446232339089482,,1.446232339089482,1.446232339089482,1,29.134615384615387,,29.134615384615387,29.134615384615387,1,8.46674564224065,,8.46674564224065,8.46674564224065,1,98.6393636825182,,98.6393636825182,98.6393636825182
random,quantile_95,Quantile95,This work,spectral_signature,Spectral Signature,1,13.173076923076923,,13.173076923076923,13.173076923076923,1,274.0,,274,274,1,1806.0,,1806,1806,1,2080.0,,2080,2080,1,1.771978021978022,,1.771978021978022,1.771978021978022,1,13.173076923076923,,13.173076923076923,13.173076923076923,1,8.46674564224065,,8.46674564224065,8.46674564224065,1,98.6393636825182,,98.6393636825182,98.6393636825182
