dataset_label,seed,sampling_strategy,poison_rate_percent,feature_selector,value_selector,selector,source,target_features,defense_method,sanitizer,defense_setting,detector_feature_mode,detector_top_k,detector_contamination,detector_removal_percent,benign_rows_scored,selected_features,total_poisoned_rows,total_clean_rows,removed_poisoned_rows,removed_clean_rows,removed_rows,poison_recall,poison_recall_percent,clean_false_positive_rate,clean_false_positive_rate_percent,poison_removal_precision_percent,detector_removal_budget_percent,attack_effectiveness_percent,backdoored_clean_accuracy_percent,clean_model_original_test_accuracy_percent,detector_metadata_path,source_mtime
EMBER2024 WIN64,43.0,distribution_based_distance,1.0,shap_largest_abs,argmin_Nv_sum_abs_shap,CountAbsSHAP*,Severi-derived,problem_space_conservative,hdbscan,HDBSCAN,hdbscan_hybrid_top32_scaled_mcs0p5pct_ms0p1pct_tmax10pct_keep0p2,hybrid,32,auto,,104000,32,2080,101920,1305,44979,46284,0.6274038461538461,62.74038461538461,0.4413167189952904,44.13167189952904,2.819548872180451,44.503846153846155,99.04213910983246,98.80013538669826,100.0,/Users/falcon/Machine Learning/Defense GMM-Maha/results/experiment 1/ember2024_win64/seed_43/poison_rate_0p01/distribution_based_distance-defense/attack_artifacts/ember2024_win64__lightgbm__shap_largest_abs__argmin_Nv_sum_abs_shap__problem_space_conservative/severi_detectors/hdbscan_hybrid_top32_scaled_mcs0p5pct_ms0p1pct_tmax10pct_keep0p2/severi_detector_metadata.json,1789643482.0121875
EMBER2024 WIN64,43.0,distribution_based_distance,1.0,shap_largest_abs,argmin_Nv_sum_abs_shap,CountAbsSHAP*,Severi-derived,problem_space_conservative,isolation_forest,Isolation Forest,isolation_forest_hybrid_top32_scaled_contam0p02,hybrid,32,0.02,,104000,32,2080,101920,2080,0,2080,1.0,100.0,0.0,0.0,100.0,2.0,99.04213910983246,98.80013538669826,100.0,/Users/falcon/Machine Learning/Defense GMM-Maha/results/experiment 1/ember2024_win64/seed_43/poison_rate_0p01/distribution_based_distance-defense/attack_artifacts/ember2024_win64__lightgbm__shap_largest_abs__argmin_Nv_sum_abs_shap__problem_space_conservative/severi_detectors/isolation_forest_hybrid_top32_scaled_contam0p02/severi_detector_metadata.json,1789643103.6376605
EMBER2024 WIN64,43.0,distribution_based_distance,1.0,shap_largest_abs,argmin_Nv_sum_abs_shap,CountAbsSHAP*,Severi-derived,problem_space_conservative,spectral_signature,Spectral Signature,spectral_signature_hybrid_top32_scaled_remove2p,hybrid,32,auto,2.0,104000,32,2080,101920,1422,658,2080,0.6836538461538462,68.36538461538461,0.006456043956043956,0.6456043956043955,68.36538461538461,2.0,99.04213910983246,98.80013538669826,100.0,/Users/falcon/Machine Learning/Defense GMM-Maha/results/experiment 1/ember2024_win64/seed_43/poison_rate_0p01/distribution_based_distance-defense/attack_artifacts/ember2024_win64__lightgbm__shap_largest_abs__argmin_Nv_sum_abs_shap__problem_space_conservative/severi_detectors/spectral_signature_hybrid_top32_scaled_remove2p/severi_detector_metadata.json,1789643106.4257114
EMBER2024 WIN64,43.0,distribution_based_distance,1.0,shap_largest_abs,benign_prototype,BenignPrototype,This work,problem_space_conservative,hdbscan,HDBSCAN,hdbscan_hybrid_top32_scaled_mcs0p5pct_ms0p1pct_tmax10pct_keep0p2,hybrid,32,auto,,104000,32,2080,101920,1040,42090,43130,0.5,50.0,0.41297095761381475,41.29709576138148,2.411314630187804,41.47115384615385,81.28109663225588,98.8085970553393,100.0,/Users/falcon/Machine Learning/Defense GMM-Maha/results/experiment 1/ember2024_win64/seed_43/poison_rate_0p01/distribution_based_distance-defense/attack_artifacts/ember2024_win64__lightgbm__shap_largest_abs__benign_prototype__problem_space_conservative/severi_detectors/hdbscan_hybrid_top32_scaled_mcs0p5pct_ms0p1pct_tmax10pct_keep0p2/severi_detector_metadata.json,1789643402.8810828
EMBER2024 WIN64,43.0,distribution_based_distance,1.0,shap_largest_abs,benign_prototype,BenignPrototype,This work,problem_space_conservative,isolation_forest,Isolation Forest,isolation_forest_hybrid_top32_scaled_contam0p02,hybrid,32,0.02,,104000,32,2080,101920,0,2080,2080,0.0,0.0,0.02040816326530612,2.0408163265306123,0.0,2.0,81.28109663225588,98.8085970553393,100.0,/Users/falcon/Machine Learning/Defense GMM-Maha/results/experiment 1/ember2024_win64/seed_43/poison_rate_0p01/distribution_based_distance-defense/attack_artifacts/ember2024_win64__lightgbm__shap_largest_abs__benign_prototype__problem_space_conservative/severi_detectors/isolation_forest_hybrid_top32_scaled_contam0p02/severi_detector_metadata.json,1789642973.2502155
EMBER2024 WIN64,43.0,distribution_based_distance,1.0,shap_largest_abs,benign_prototype,BenignPrototype,This work,problem_space_conservative,spectral_signature,Spectral Signature,spectral_signature_hybrid_top32_scaled_remove2p,hybrid,32,auto,2.0,104000,32,2080,101920,0,2080,2080,0.0,0.0,0.02040816326530612,2.0408163265306123,0.0,2.0,81.28109663225588,98.8085970553393,100.0,/Users/falcon/Machine Learning/Defense GMM-Maha/results/experiment 1/ember2024_win64/seed_43/poison_rate_0p01/distribution_based_distance-defense/attack_artifacts/ember2024_win64__lightgbm__shap_largest_abs__benign_prototype__problem_space_conservative/severi_detectors/spectral_signature_hybrid_top32_scaled_remove2p/severi_detector_metadata.json,1789642977.3256083
EMBER2024 WIN64,43.0,distribution_based_distance,1.0,combined_shap,combined_shap,CombinedSHAP*,Severi-derived,problem_space_conservative,hdbscan,HDBSCAN,hdbscan_hybrid_top32_scaled_mcs0p5pct_ms0p1pct_tmax10pct_keep0p2,hybrid,32,auto,,104000,32,2080,101920,801,42121,42922,0.38509615384615387,38.50961538461539,0.41327511773940345,41.327511773940344,1.86617585387447,41.271153846153844,84.72499576916567,98.74259603993907,100.0,/Users/falcon/Machine Learning/Defense GMM-Maha/results/experiment 1/ember2024_win64/seed_43/poison_rate_0p01/distribution_based_distance-defense/attack_artifacts/ember2024_win64__lightgbm__combined_shap__combined_shap__problem_space_conservative/severi_detectors/hdbscan_hybrid_top32_scaled_mcs0p5pct_ms0p1pct_tmax10pct_keep0p2/severi_detector_metadata.json,1789643158.0417082
EMBER2024 WIN64,43.0,distribution_based_distance,1.0,combined_shap,combined_shap,CombinedSHAP*,Severi-derived,problem_space_conservative,isolation_forest,Isolation Forest,isolation_forest_hybrid_top32_scaled_contam0p02,hybrid,32,0.02,,104000,32,2080,101920,47,2033,2080,0.022596153846153846,2.2596153846153846,0.01994701726844584,1.994701726844584,2.2596153846153846,2.0,84.72499576916567,98.74259603993907,100.0,/Users/falcon/Machine Learning/Defense GMM-Maha/results/experiment 1/ember2024_win64/seed_43/poison_rate_0p01/distribution_based_distance-defense/attack_artifacts/ember2024_win64__lightgbm__combined_shap__combined_shap__problem_space_conservative/severi_detectors/isolation_forest_hybrid_top32_scaled_contam0p02/severi_detector_metadata.json,1789642737.8903904
EMBER2024 WIN64,43.0,distribution_based_distance,1.0,combined_shap,combined_shap,CombinedSHAP*,Severi-derived,problem_space_conservative,spectral_signature,Spectral Signature,spectral_signature_hybrid_top32_scaled_remove2p,hybrid,32,auto,2.0,104000,32,2080,101920,180,1900,2080,0.08653846153846154,8.653846153846153,0.018642072213500786,1.8642072213500787,8.653846153846153,2.0,84.72499576916567,98.74259603993907,100.0,/Users/falcon/Machine Learning/Defense GMM-Maha/results/experiment 1/ember2024_win64/seed_43/poison_rate_0p01/distribution_based_distance-defense/attack_artifacts/ember2024_win64__lightgbm__combined_shap__combined_shap__problem_space_conservative/severi_detectors/spectral_signature_hybrid_top32_scaled_remove2p/severi_detector_metadata.json,1789642740.2197535
EMBER2024 WIN64,43.0,distribution_based_distance,1.0,shap_largest_abs,corr_count_abs_shap,CorrCountAbsSHAP,This work,problem_space_conservative,hdbscan,HDBSCAN,hdbscan_hybrid_top32_scaled_mcs0p5pct_ms0p1pct_tmax10pct_keep0p2,hybrid,32,auto,,104000,32,2080,101920,843,41854,42697,0.40528846153846154,40.52884615384615,0.4106554160125589,41.06554160125589,1.9743775909314472,41.05480769230769,99.26045016077173,98.79505838551364,100.0,/Users/falcon/Machine Learning/Defense GMM-Maha/results/experiment 1/ember2024_win64/seed_43/poison_rate_0p01/distribution_based_distance-defense/attack_artifacts/ember2024_win64__lightgbm__shap_largest_abs__corr_count_abs_shap__problem_space_conservative/severi_detectors/hdbscan_hybrid_top32_scaled_mcs0p5pct_ms0p1pct_tmax10pct_keep0p2/severi_detector_metadata.json,1789643600.6017828
EMBER2024 WIN64,43.0,distribution_based_distance,1.0,shap_largest_abs,corr_count_abs_shap,CorrCountAbsSHAP,This work,problem_space_conservative,isolation_forest,Isolation Forest,isolation_forest_hybrid_top32_scaled_contam0p02,hybrid,32,0.02,,104000,32,2080,101920,169,1910,2079,0.08125,8.125,0.018740188383045527,1.8740188383045526,8.128908128908128,1.9990384615384615,99.26045016077173,98.79505838551364,100.0,/Users/falcon/Machine Learning/Defense GMM-Maha/results/experiment 1/ember2024_win64/seed_43/poison_rate_0p01/distribution_based_distance-defense/attack_artifacts/ember2024_win64__lightgbm__shap_largest_abs__corr_count_abs_shap__problem_space_conservative/severi_detectors/isolation_forest_hybrid_top32_scaled_contam0p02/severi_detector_metadata.json,1789643164.4818754
EMBER2024 WIN64,43.0,distribution_based_distance,1.0,shap_largest_abs,corr_count_abs_shap,CorrCountAbsSHAP,This work,problem_space_conservative,spectral_signature,Spectral Signature,spectral_signature_hybrid_top32_scaled_remove2p,hybrid,32,auto,2.0,104000,32,2080,101920,26,2054,2080,0.0125,1.25,0.020153061224489795,2.0153061224489797,1.25,2.0,99.26045016077173,98.79505838551364,100.0,/Users/falcon/Machine Learning/Defense GMM-Maha/results/experiment 1/ember2024_win64/seed_43/poison_rate_0p01/distribution_based_distance-defense/attack_artifacts/ember2024_win64__lightgbm__shap_largest_abs__corr_count_abs_shap__problem_space_conservative/severi_detectors/spectral_signature_hybrid_top32_scaled_remove2p/severi_detector_metadata.json,1789643166.8121984
EMBER2024 WIN64,43.0,distribution_based_distance,1.0,shap_largest_abs,frequency_bounded_signed_shap,FrequencyBoundedSignedSHAP,This work,problem_space_conservative,hdbscan,HDBSCAN,hdbscan_hybrid_top32_scaled_mcs0p5pct_ms0p1pct_tmax10pct_keep0p2,hybrid,32,auto,,104000,32,2080,101920,842,41888,42730,0.4048076923076923,40.48076923076923,0.41098901098901097,41.098901098901095,1.9705125204774163,41.08653846153846,95.77931968184126,98.82890506007784,100.0,/Users/falcon/Machine Learning/Defense GMM-Maha/results/experiment 1/ember2024_win64/seed_43/poison_rate_0p01/distribution_based_distance-defense/attack_artifacts/ember2024_win64__lightgbm__shap_largest_abs__frequency_bounded_signed_shap__problem_space_conservative/severi_detectors/hdbscan_hybrid_top32_scaled_mcs0p5pct_ms0p1pct_tmax10pct_keep0p2/severi_detector_metadata.json,1789643988.2572591
EMBER2024 WIN64,43.0,distribution_based_distance,1.0,shap_largest_abs,frequency_bounded_signed_shap,FrequencyBoundedSignedSHAP,This work,problem_space_conservative,isolation_forest,Isolation Forest,isolation_forest_hybrid_top32_scaled_contam0p02,hybrid,32,0.02,,104000,32,2080,101920,1913,167,2080,0.9197115384615384,91.97115384615384,0.0016385400313971743,0.16385400313971743,91.97115384615384,2.0,95.77931968184126,98.82890506007784,100.0,/Users/falcon/Machine Learning/Defense GMM-Maha/results/experiment 1/ember2024_win64/seed_43/poison_rate_0p01/distribution_based_distance-defense/attack_artifacts/ember2024_win64__lightgbm__shap_largest_abs__frequency_bounded_signed_shap__problem_space_conservative/severi_detectors/isolation_forest_hybrid_top32_scaled_contam0p02/severi_detector_metadata.json,1789643492.5256705
EMBER2024 WIN64,43.0,distribution_based_distance,1.0,shap_largest_abs,frequency_bounded_signed_shap,FrequencyBoundedSignedSHAP,This work,problem_space_conservative,spectral_signature,Spectral Signature,spectral_signature_hybrid_top32_scaled_remove2p,hybrid,32,auto,2.0,104000,32,2080,101920,212,1868,2080,0.10192307692307692,10.192307692307692,0.018328100470957613,1.8328100470957613,10.192307692307692,2.0,95.77931968184126,98.82890506007784,100.0,/Users/falcon/Machine Learning/Defense GMM-Maha/results/experiment 1/ember2024_win64/seed_43/poison_rate_0p01/distribution_based_distance-defense/attack_artifacts/ember2024_win64__lightgbm__shap_largest_abs__frequency_bounded_signed_shap__problem_space_conservative/severi_detectors/spectral_signature_hybrid_top32_scaled_remove2p/severi_detector_metadata.json,1789643495.9417822
EMBER2024 WIN64,43.0,distribution_based_distance,1.0,shap_largest_abs,low_shap_signed,LowSHAPSigned,This work,problem_space_conservative,hdbscan,HDBSCAN,hdbscan_hybrid_top32_scaled_mcs0p5pct_ms0p1pct_tmax10pct_keep0p2,hybrid,32,auto,,104000,32,2080,101920,1227,43957,45184,0.5899038461538462,58.99038461538461,0.4312892464678179,43.12892464678179,2.715563031161473,43.44615384615385,93.49636148248436,98.8390590624471,100.0,/Users/falcon/Machine Learning/Defense GMM-Maha/results/experiment 1/ember2024_win64/seed_43/poison_rate_0p01/distribution_based_distance-defense/attack_artifacts/ember2024_win64__lightgbm__shap_largest_abs__low_shap_signed__problem_space_conservative/severi_detectors/hdbscan_hybrid_top32_scaled_mcs0p5pct_ms0p1pct_tmax10pct_keep0p2/severi_detector_metadata.json,1789644014.3058922
EMBER2024 WIN64,43.0,distribution_based_distance,1.0,shap_largest_abs,low_shap_signed,LowSHAPSigned,This work,problem_space_conservative,isolation_forest,Isolation Forest,isolation_forest_hybrid_top32_scaled_contam0p02,hybrid,32,0.02,,104000,32,2080,101920,2078,2,2080,0.9990384615384615,99.90384615384616,1.9623233908948195e-05,0.0019623233908948193,99.90384615384616,2.0,93.49636148248436,98.8390590624471,100.0,/Users/falcon/Machine Learning/Defense GMM-Maha/results/experiment 1/ember2024_win64/seed_43/poison_rate_0p01/distribution_based_distance-defense/attack_artifacts/ember2024_win64__lightgbm__shap_largest_abs__low_shap_signed__problem_space_conservative/severi_detectors/isolation_forest_hybrid_top32_scaled_contam0p02/severi_detector_metadata.json,1789643411.4206967
EMBER2024 WIN64,43.0,distribution_based_distance,1.0,shap_largest_abs,low_shap_signed,LowSHAPSigned,This work,problem_space_conservative,spectral_signature,Spectral Signature,spectral_signature_hybrid_top32_scaled_remove2p,hybrid,32,auto,2.0,104000,32,2080,101920,1422,658,2080,0.6836538461538462,68.36538461538461,0.006456043956043956,0.6456043956043955,68.36538461538461,2.0,93.49636148248436,98.8390590624471,100.0,/Users/falcon/Machine Learning/Defense GMM-Maha/results/experiment 1/ember2024_win64/seed_43/poison_rate_0p01/distribution_based_distance-defense/attack_artifacts/ember2024_win64__lightgbm__shap_largest_abs__low_shap_signed__problem_space_conservative/severi_detectors/spectral_signature_hybrid_top32_scaled_remove2p/severi_detector_metadata.json,1789643415.0758991
EMBER2024 WIN64,43.0,distribution_based_distance,1.0,shap_largest_abs,min_population_new,MinPopulation*,Severi-derived,problem_space_conservative,hdbscan,HDBSCAN,hdbscan_hybrid_top32_scaled_mcs0p5pct_ms0p1pct_tmax10pct_keep0p2,hybrid,32,auto,,104000,32,2080,101920,1368,43803,45171,0.6576923076923077,65.76923076923077,0.4297782574568289,42.97782574568289,3.0284917314206017,43.433653846153845,99.17752580808936,98.8525977322728,100.0,/Users/falcon/Machine Learning/Defense GMM-Maha/results/experiment 1/ember2024_win64/seed_43/poison_rate_0p01/distribution_based_distance-defense/attack_artifacts/ember2024_win64__lightgbm__shap_largest_abs__min_population_new__problem_space_conservative/severi_detectors/hdbscan_hybrid_top32_scaled_mcs0p5pct_ms0p1pct_tmax10pct_keep0p2/severi_detector_metadata.json,1789644254.8258479
EMBER2024 WIN64,43.0,distribution_based_distance,1.0,shap_largest_abs,min_population_new,MinPopulation*,Severi-derived,problem_space_conservative,isolation_forest,Isolation Forest,isolation_forest_hybrid_top32_scaled_contam0p02,hybrid,32,0.02,,104000,32,2080,101920,2080,0,2080,1.0,100.0,0.0,0.0,100.0,2.0,99.17752580808936,98.8525977322728,100.0,/Users/falcon/Machine Learning/Defense GMM-Maha/results/experiment 1/ember2024_win64/seed_43/poison_rate_0p01/distribution_based_distance-defense/attack_artifacts/ember2024_win64__lightgbm__shap_largest_abs__min_population_new__problem_space_conservative/severi_detectors/isolation_forest_hybrid_top32_scaled_contam0p02/severi_detector_metadata.json,1789643606.9256618
EMBER2024 WIN64,43.0,distribution_based_distance,1.0,shap_largest_abs,min_population_new,MinPopulation*,Severi-derived,problem_space_conservative,spectral_signature,Spectral Signature,spectral_signature_hybrid_top32_scaled_remove2p,hybrid,32,auto,2.0,104000,32,2080,101920,1422,658,2080,0.6836538461538462,68.36538461538461,0.006456043956043956,0.6456043956043955,68.36538461538461,2.0,99.17752580808936,98.8525977322728,100.0,/Users/falcon/Machine Learning/Defense GMM-Maha/results/experiment 1/ember2024_win64/seed_43/poison_rate_0p01/distribution_based_distance-defense/attack_artifacts/ember2024_win64__lightgbm__shap_largest_abs__min_population_new__problem_space_conservative/severi_detectors/spectral_signature_hybrid_top32_scaled_remove2p/severi_detector_metadata.json,1789643609.0379965
EMBER2024 WIN64,43.0,distribution_based_distance,1.0,shap_largest_abs,quantile_95,Quantile95,This work,problem_space_conservative,hdbscan,HDBSCAN,hdbscan_hybrid_top32_scaled_mcs0p5pct_ms0p1pct_tmax10pct_keep0p2,hybrid,32,auto,,104000,32,2080,101920,912,42958,43870,0.43846153846153846,43.84615384615385,0.4214874411302983,42.14874411302983,2.0788693868247092,42.18269230769231,96.82179725841937,98.81536639025217,100.0,/Users/falcon/Machine Learning/Defense GMM-Maha/results/experiment 1/ember2024_win64/seed_43/poison_rate_0p01/distribution_based_distance-defense/attack_artifacts/ember2024_win64__lightgbm__shap_largest_abs__quantile_95__problem_space_conservative/severi_detectors/hdbscan_hybrid_top32_scaled_mcs0p5pct_ms0p1pct_tmax10pct_keep0p2/severi_detector_metadata.json,1789644445.5488253
EMBER2024 WIN64,43.0,distribution_based_distance,1.0,shap_largest_abs,quantile_95,Quantile95,This work,problem_space_conservative,isolation_forest,Isolation Forest,isolation_forest_hybrid_top32_scaled_contam0p02,hybrid,32,0.02,,104000,32,2080,101920,631,1448,2079,0.3033653846153846,30.33653846153846,0.014207221350078493,1.4207221350078494,30.35113035113035,1.9990384615384615,96.82179725841937,98.81536639025217,100.0,/Users/falcon/Machine Learning/Defense GMM-Maha/results/experiment 1/ember2024_win64/seed_43/poison_rate_0p01/distribution_based_distance-defense/attack_artifacts/ember2024_win64__lightgbm__shap_largest_abs__quantile_95__problem_space_conservative/severi_detectors/isolation_forest_hybrid_top32_scaled_contam0p02/severi_detector_metadata.json,1789643997.7547228
EMBER2024 WIN64,43.0,distribution_based_distance,1.0,shap_largest_abs,quantile_95,Quantile95,This work,problem_space_conservative,spectral_signature,Spectral Signature,spectral_signature_hybrid_top32_scaled_remove2p,hybrid,32,auto,2.0,104000,32,2080,101920,206,1874,2080,0.09903846153846153,9.903846153846153,0.01838697017268446,1.838697017268446,9.903846153846153,2.0,96.82179725841937,98.81536639025217,100.0,/Users/falcon/Machine Learning/Defense GMM-Maha/results/experiment 1/ember2024_win64/seed_43/poison_rate_0p01/distribution_based_distance-defense/attack_artifacts/ember2024_win64__lightgbm__shap_largest_abs__quantile_95__problem_space_conservative/severi_detectors/spectral_signature_hybrid_top32_scaled_remove2p/severi_detector_metadata.json,1789644002.9319282
EMBER2024 WIN64,43.0,random,1.0,shap_largest_abs,argmin_Nv_sum_abs_shap,CountAbsSHAP*,Severi-derived,problem_space_conservative,hdbscan,HDBSCAN,hdbscan_hybrid_top32_scaled_mcs0p5pct_ms0p1pct_tmax10pct_keep0p2,hybrid,32,auto,,104000,32,2080,101920,1241,44886,46127,0.5966346153846154,59.66346153846154,0.44040423861852435,44.04042386185243,2.690398248314436,44.35288461538461,15.643932983584364,98.62413267896429,100.0,/Users/falcon/Machine Learning/Defense GMM-Maha/results/experiment 1/ember2024_win64/seed_43/poison_rate_0p01/random-defense/attack_artifacts/ember2024_win64__lightgbm__shap_largest_abs__argmin_Nv_sum_abs_shap__problem_space_conservative/severi_detectors/hdbscan_hybrid_top32_scaled_mcs0p5pct_ms0p1pct_tmax10pct_keep0p2/severi_detector_metadata.json,1789642219.3758106
EMBER2024 WIN64,43.0,random,1.0,shap_largest_abs,argmin_Nv_sum_abs_shap,CountAbsSHAP*,Severi-derived,problem_space_conservative,isolation_forest,Isolation Forest,isolation_forest_hybrid_top32_scaled_contam0p02,hybrid,32,0.02,,104000,32,2080,101920,2080,0,2080,1.0,100.0,0.0,0.0,100.0,2.0,15.643932983584364,98.62413267896429,100.0,/Users/falcon/Machine Learning/Defense GMM-Maha/results/experiment 1/ember2024_win64/seed_43/poison_rate_0p01/random-defense/attack_artifacts/ember2024_win64__lightgbm__shap_largest_abs__argmin_Nv_sum_abs_shap__problem_space_conservative/severi_detectors/isolation_forest_hybrid_top32_scaled_contam0p02/severi_detector_metadata.json,1789641780.8639736
EMBER2024 WIN64,43.0,random,1.0,shap_largest_abs,argmin_Nv_sum_abs_shap,CountAbsSHAP*,Severi-derived,problem_space_conservative,spectral_signature,Spectral Signature,spectral_signature_hybrid_top32_scaled_remove2p,hybrid,32,auto,2.0,104000,32,2080,101920,4,2076,2080,0.0019230769230769232,0.19230769230769232,0.020368916797488226,2.0368916797488223,0.19230769230769232,2.0,15.643932983584364,98.62413267896429,100.0,/Users/falcon/Machine Learning/Defense GMM-Maha/results/experiment 1/ember2024_win64/seed_43/poison_rate_0p01/random-defense/attack_artifacts/ember2024_win64__lightgbm__shap_largest_abs__argmin_Nv_sum_abs_shap__problem_space_conservative/severi_detectors/spectral_signature_hybrid_top32_scaled_remove2p/severi_detector_metadata.json,1789641785.6360378
EMBER2024 WIN64,43.0,random,1.0,shap_largest_abs,benign_prototype,BenignPrototype,This work,problem_space_conservative,hdbscan,HDBSCAN,hdbscan_hybrid_top32_scaled_mcs0p5pct_ms0p1pct_tmax10pct_keep0p2,hybrid,32,auto,,104000,32,2080,101920,862,42472,43334,0.41442307692307695,41.44230769230769,0.4167189952904239,41.67189952904239,1.98920016615129,41.667307692307695,2.7178879675071923,98.55982399729226,100.0,/Users/falcon/Machine Learning/Defense GMM-Maha/results/experiment 1/ember2024_win64/seed_43/poison_rate_0p01/random-defense/attack_artifacts/ember2024_win64__lightgbm__shap_largest_abs__benign_prototype__problem_space_conservative/severi_detectors/hdbscan_hybrid_top32_scaled_mcs0p5pct_ms0p1pct_tmax10pct_keep0p2/severi_detector_metadata.json,1789642235.7416964
EMBER2024 WIN64,43.0,random,1.0,shap_largest_abs,benign_prototype,BenignPrototype,This work,problem_space_conservative,isolation_forest,Isolation Forest,isolation_forest_hybrid_top32_scaled_contam0p02,hybrid,32,0.02,,104000,32,2080,101920,0,2080,2080,0.0,0.0,0.02040816326530612,2.0408163265306123,0.0,2.0,2.7178879675071923,98.55982399729226,100.0,/Users/falcon/Machine Learning/Defense GMM-Maha/results/experiment 1/ember2024_win64/seed_43/poison_rate_0p01/random-defense/attack_artifacts/ember2024_win64__lightgbm__shap_largest_abs__benign_prototype__problem_space_conservative/severi_detectors/isolation_forest_hybrid_top32_scaled_contam0p02/severi_detector_metadata.json,1789641780.877827
EMBER2024 WIN64,43.0,random,1.0,shap_largest_abs,benign_prototype,BenignPrototype,This work,problem_space_conservative,spectral_signature,Spectral Signature,spectral_signature_hybrid_top32_scaled_remove2p,hybrid,32,auto,2.0,104000,32,2080,101920,0,2080,2080,0.0,0.0,0.02040816326530612,2.0408163265306123,0.0,2.0,2.7178879675071923,98.55982399729226,100.0,/Users/falcon/Machine Learning/Defense GMM-Maha/results/experiment 1/ember2024_win64/seed_43/poison_rate_0p01/random-defense/attack_artifacts/ember2024_win64__lightgbm__shap_largest_abs__benign_prototype__problem_space_conservative/severi_detectors/spectral_signature_hybrid_top32_scaled_remove2p/severi_detector_metadata.json,1789641785.6017134
EMBER2024 WIN64,43.0,random,1.0,combined_shap,combined_shap,CombinedSHAP*,Severi-derived,problem_space_conservative,hdbscan,HDBSCAN,hdbscan_hybrid_top32_scaled_mcs0p5pct_ms0p1pct_tmax10pct_keep0p2,hybrid,32,auto,,104000,32,2080,101920,147,42951,43098,0.07067307692307692,7.0673076923076925,0.42141875981161697,42.1418759811617,0.3410831129054713,41.440384615384616,7.642579116601795,98.55643932983584,100.0,/Users/falcon/Machine Learning/Defense GMM-Maha/results/experiment 1/ember2024_win64/seed_43/poison_rate_0p01/random-defense/attack_artifacts/ember2024_win64__lightgbm__combined_shap__combined_shap__problem_space_conservative/severi_detectors/hdbscan_hybrid_top32_scaled_mcs0p5pct_ms0p1pct_tmax10pct_keep0p2/severi_detector_metadata.json,1789642180.2116313
EMBER2024 WIN64,43.0,random,1.0,combined_shap,combined_shap,CombinedSHAP*,Severi-derived,problem_space_conservative,isolation_forest,Isolation Forest,isolation_forest_hybrid_top32_scaled_contam0p02,hybrid,32,0.02,,104000,32,2080,101920,15,2065,2080,0.007211538461538462,0.7211538461538461,0.020260989010989012,2.026098901098901,0.7211538461538461,2.0,7.642579116601795,98.55643932983584,100.0,/Users/falcon/Machine Learning/Defense GMM-Maha/results/experiment 1/ember2024_win64/seed_43/poison_rate_0p01/random-defense/attack_artifacts/ember2024_win64__lightgbm__combined_shap__combined_shap__problem_space_conservative/severi_detectors/isolation_forest_hybrid_top32_scaled_contam0p02/severi_detector_metadata.json,1789641780.8610263
EMBER2024 WIN64,43.0,random,1.0,combined_shap,combined_shap,CombinedSHAP*,Severi-derived,problem_space_conservative,spectral_signature,Spectral Signature,spectral_signature_hybrid_top32_scaled_remove2p,hybrid,32,auto,2.0,104000,32,2080,101920,0,2080,2080,0.0,0.0,0.02040816326530612,2.0408163265306123,0.0,2.0,7.642579116601795,98.55643932983584,100.0,/Users/falcon/Machine Learning/Defense GMM-Maha/results/experiment 1/ember2024_win64/seed_43/poison_rate_0p01/random-defense/attack_artifacts/ember2024_win64__lightgbm__combined_shap__combined_shap__problem_space_conservative/severi_detectors/spectral_signature_hybrid_top32_scaled_remove2p/severi_detector_metadata.json,1789641785.549775
EMBER2024 WIN64,43.0,random,1.0,shap_largest_abs,corr_count_abs_shap,CorrCountAbsSHAP,This work,problem_space_conservative,hdbscan,HDBSCAN,hdbscan_hybrid_top32_scaled_mcs0p5pct_ms0p1pct_tmax10pct_keep0p2,hybrid,32,auto,,104000,32,2080,101920,149,42295,42444,0.07163461538461538,7.163461538461538,0.41498233908948196,41.498233908948194,0.35105079634341724,40.81153846153846,10.822474191910644,98.59874767304112,100.0,/Users/falcon/Machine Learning/Defense GMM-Maha/results/experiment 1/ember2024_win64/seed_43/poison_rate_0p01/random-defense/attack_artifacts/ember2024_win64__lightgbm__shap_largest_abs__corr_count_abs_shap__problem_space_conservative/severi_detectors/hdbscan_hybrid_top32_scaled_mcs0p5pct_ms0p1pct_tmax10pct_keep0p2/severi_detector_metadata.json,1789642606.127165
EMBER2024 WIN64,43.0,random,1.0,shap_largest_abs,corr_count_abs_shap,CorrCountAbsSHAP,This work,problem_space_conservative,isolation_forest,Isolation Forest,isolation_forest_hybrid_top32_scaled_contam0p02,hybrid,32,0.02,,104000,32,2080,101920,27,2053,2080,0.012980769230769231,1.2980769230769231,0.020143249607535323,2.014324960753532,1.2980769230769231,2.0,10.822474191910644,98.59874767304112,100.0,/Users/falcon/Machine Learning/Defense GMM-Maha/results/experiment 1/ember2024_win64/seed_43/poison_rate_0p01/random-defense/attack_artifacts/ember2024_win64__lightgbm__shap_largest_abs__corr_count_abs_shap__problem_space_conservative/severi_detectors/isolation_forest_hybrid_top32_scaled_contam0p02/severi_detector_metadata.json,1789642188.584261
EMBER2024 WIN64,43.0,random,1.0,shap_largest_abs,corr_count_abs_shap,CorrCountAbsSHAP,This work,problem_space_conservative,spectral_signature,Spectral Signature,spectral_signature_hybrid_top32_scaled_remove2p,hybrid,32,auto,2.0,104000,32,2080,101920,0,2080,2080,0.0,0.0,0.02040816326530612,2.0408163265306123,0.0,2.0,10.822474191910644,98.59874767304112,100.0,/Users/falcon/Machine Learning/Defense GMM-Maha/results/experiment 1/ember2024_win64/seed_43/poison_rate_0p01/random-defense/attack_artifacts/ember2024_win64__lightgbm__shap_largest_abs__corr_count_abs_shap__problem_space_conservative/severi_detectors/spectral_signature_hybrid_top32_scaled_remove2p/severi_detector_metadata.json,1789642192.420622
EMBER2024 WIN64,43.0,random,1.0,shap_largest_abs,frequency_bounded_signed_shap,FrequencyBoundedSignedSHAP,This work,problem_space_conservative,hdbscan,HDBSCAN,hdbscan_hybrid_top32_scaled_mcs0p5pct_ms0p1pct_tmax10pct_keep0p2,hybrid,32,auto,,104000,32,2080,101920,19,42374,42393,0.009134615384615385,0.9134615384615385,0.4157574568288854,41.57574568288854,0.04481872007170995,40.7625,15.266542562193264,98.6393636825182,100.0,/Users/falcon/Machine Learning/Defense GMM-Maha/results/experiment 1/ember2024_win64/seed_43/poison_rate_0p01/random-defense/attack_artifacts/ember2024_win64__lightgbm__shap_largest_abs__frequency_bounded_signed_shap__problem_space_conservative/severi_detectors/hdbscan_hybrid_top32_scaled_mcs0p5pct_ms0p1pct_tmax10pct_keep0p2/severi_detector_metadata.json,1789642584.1161795
EMBER2024 WIN64,43.0,random,1.0,shap_largest_abs,frequency_bounded_signed_shap,FrequencyBoundedSignedSHAP,This work,problem_space_conservative,isolation_forest,Isolation Forest,isolation_forest_hybrid_top32_scaled_contam0p02,hybrid,32,0.02,,104000,32,2080,101920,1828,249,2077,0.8788461538461538,87.88461538461539,0.00244309262166405,0.244309262166405,88.01155512758787,1.9971153846153846,15.266542562193264,98.6393636825182,100.0,/Users/falcon/Machine Learning/Defense GMM-Maha/results/experiment 1/ember2024_win64/seed_43/poison_rate_0p01/random-defense/attack_artifacts/ember2024_win64__lightgbm__shap_largest_abs__frequency_bounded_signed_shap__problem_space_conservative/severi_detectors/isolation_forest_hybrid_top32_scaled_contam0p02/severi_detector_metadata.json,1789642230.7881687
EMBER2024 WIN64,43.0,random,1.0,shap_largest_abs,frequency_bounded_signed_shap,FrequencyBoundedSignedSHAP,This work,problem_space_conservative,spectral_signature,Spectral Signature,spectral_signature_hybrid_top32_scaled_remove2p,hybrid,32,auto,2.0,104000,32,2080,101920,0,2080,2080,0.0,0.0,0.02040816326530612,2.0408163265306123,0.0,2.0,15.266542562193264,98.6393636825182,100.0,/Users/falcon/Machine Learning/Defense GMM-Maha/results/experiment 1/ember2024_win64/seed_43/poison_rate_0p01/random-defense/attack_artifacts/ember2024_win64__lightgbm__shap_largest_abs__frequency_bounded_signed_shap__problem_space_conservative/severi_detectors/spectral_signature_hybrid_top32_scaled_remove2p/severi_detector_metadata.json,1789642235.375022
EMBER2024 WIN64,43.0,random,1.0,shap_largest_abs,low_shap_signed,LowSHAPSigned,This work,problem_space_conservative,hdbscan,HDBSCAN,hdbscan_hybrid_top32_scaled_mcs0p5pct_ms0p1pct_tmax10pct_keep0p2,hybrid,32,auto,,104000,32,2080,101920,1158,41846,43004,0.5567307692307693,55.67307692307693,0.41057692307692306,41.05769230769231,2.692772765324156,41.349999999999994,15.122694195295312,98.61228634286682,100.0,/Users/falcon/Machine Learning/Defense GMM-Maha/results/experiment 1/ember2024_win64/seed_43/poison_rate_0p01/random-defense/attack_artifacts/ember2024_win64__lightgbm__shap_largest_abs__low_shap_signed__problem_space_conservative/severi_detectors/hdbscan_hybrid_top32_scaled_mcs0p5pct_ms0p1pct_tmax10pct_keep0p2/severi_detector_metadata.json,1789642731.2997172
EMBER2024 WIN64,43.0,random,1.0,shap_largest_abs,low_shap_signed,LowSHAPSigned,This work,problem_space_conservative,isolation_forest,Isolation Forest,isolation_forest_hybrid_top32_scaled_contam0p02,hybrid,32,0.02,,104000,32,2080,101920,2034,45,2079,0.9778846153846154,97.78846153846153,0.0004415227629513344,0.04415227629513344,97.83549783549783,1.9990384615384615,15.122694195295312,98.61228634286682,100.0,/Users/falcon/Machine Learning/Defense GMM-Maha/results/experiment 1/ember2024_win64/seed_43/poison_rate_0p01/random-defense/attack_artifacts/ember2024_win64__lightgbm__shap_largest_abs__low_shap_signed__problem_space_conservative/severi_detectors/isolation_forest_hybrid_top32_scaled_contam0p02/severi_detector_metadata.json,1789642245.6884625
EMBER2024 WIN64,43.0,random,1.0,shap_largest_abs,low_shap_signed,LowSHAPSigned,This work,problem_space_conservative,spectral_signature,Spectral Signature,spectral_signature_hybrid_top32_scaled_remove2p,hybrid,32,auto,2.0,104000,32,2080,101920,419,1661,2080,0.2014423076923077,20.14423076923077,0.016297095761381476,1.6297095761381477,20.14423076923077,2.0,15.122694195295312,98.61228634286682,100.0,/Users/falcon/Machine Learning/Defense GMM-Maha/results/experiment 1/ember2024_win64/seed_43/poison_rate_0p01/random-defense/attack_artifacts/ember2024_win64__lightgbm__shap_largest_abs__low_shap_signed__problem_space_conservative/severi_detectors/spectral_signature_hybrid_top32_scaled_remove2p/severi_detector_metadata.json,1789642249.2074468
EMBER2024 WIN64,43.0,random,1.0,shap_largest_abs,min_population_new,MinPopulation*,Severi-derived,problem_space_conservative,hdbscan,HDBSCAN,hdbscan_hybrid_top32_scaled_mcs0p5pct_ms0p1pct_tmax10pct_keep0p2,hybrid,32,auto,,104000,32,2080,101920,1301,43636,44937,0.6254807692307692,62.54807692307692,0.4281397174254317,42.813971742543174,2.8951643411887757,43.208653846153844,14.345913014046369,98.61567101032324,100.0,/Users/falcon/Machine Learning/Defense GMM-Maha/results/experiment 1/ember2024_win64/seed_43/poison_rate_0p01/random-defense/attack_artifacts/ember2024_win64__lightgbm__shap_largest_abs__min_population_new__problem_space_conservative/severi_detectors/hdbscan_hybrid_top32_scaled_mcs0p5pct_ms0p1pct_tmax10pct_keep0p2/severi_detector_metadata.json,1789643096.5789597
EMBER2024 WIN64,43.0,random,1.0,shap_largest_abs,min_population_new,MinPopulation*,Severi-derived,problem_space_conservative,isolation_forest,Isolation Forest,isolation_forest_hybrid_top32_scaled_contam0p02,hybrid,32,0.02,,104000,32,2080,101920,2080,0,2080,1.0,100.0,0.0,0.0,100.0,2.0,14.345913014046369,98.61567101032324,100.0,/Users/falcon/Machine Learning/Defense GMM-Maha/results/experiment 1/ember2024_win64/seed_43/poison_rate_0p01/random-defense/attack_artifacts/ember2024_win64__lightgbm__shap_largest_abs__min_population_new__problem_space_conservative/severi_detectors/isolation_forest_hybrid_top32_scaled_contam0p02/severi_detector_metadata.json,1789642618.8098707
EMBER2024 WIN64,43.0,random,1.0,shap_largest_abs,min_population_new,MinPopulation*,Severi-derived,problem_space_conservative,spectral_signature,Spectral Signature,spectral_signature_hybrid_top32_scaled_remove2p,hybrid,32,auto,2.0,104000,32,2080,101920,29,2051,2080,0.013942307692307693,1.3942307692307694,0.020123626373626375,2.0123626373626373,1.3942307692307694,2.0,14.345913014046369,98.61567101032324,100.0,/Users/falcon/Machine Learning/Defense GMM-Maha/results/experiment 1/ember2024_win64/seed_43/poison_rate_0p01/random-defense/attack_artifacts/ember2024_win64__lightgbm__shap_largest_abs__min_population_new__problem_space_conservative/severi_detectors/spectral_signature_hybrid_top32_scaled_remove2p/severi_detector_metadata.json,1789642624.3596306
EMBER2024 WIN64,43.0,random,1.0,shap_largest_abs,quantile_95,Quantile95,This work,problem_space_conservative,hdbscan,HDBSCAN,hdbscan_hybrid_top32_scaled_mcs0p5pct_ms0p1pct_tmax10pct_keep0p2,hybrid,32,auto,,104000,32,2080,101920,831,41983,42814,0.3995192307692308,39.95192307692308,0.41192111459968606,41.19211145996861,1.94095389358621,41.167307692307695,8.46674564224065,98.6393636825182,100.0,/Users/falcon/Machine Learning/Defense GMM-Maha/results/experiment 1/ember2024_win64/seed_43/poison_rate_0p01/random-defense/attack_artifacts/ember2024_win64__lightgbm__shap_largest_abs__quantile_95__problem_space_conservative/severi_detectors/hdbscan_hybrid_top32_scaled_mcs0p5pct_ms0p1pct_tmax10pct_keep0p2/severi_detector_metadata.json,1789642965.0032628
EMBER2024 WIN64,43.0,random,1.0,shap_largest_abs,quantile_95,Quantile95,This work,problem_space_conservative,isolation_forest,Isolation Forest,isolation_forest_hybrid_top32_scaled_contam0p02,hybrid,32,0.02,,104000,32,2080,101920,606,1474,2080,0.29134615384615387,29.134615384615387,0.01446232339089482,1.446232339089482,29.134615384615387,2.0,8.46674564224065,98.6393636825182,100.0,/Users/falcon/Machine Learning/Defense GMM-Maha/results/experiment 1/ember2024_win64/seed_43/poison_rate_0p01/random-defense/attack_artifacts/ember2024_win64__lightgbm__shap_largest_abs__quantile_95__problem_space_conservative/severi_detectors/isolation_forest_hybrid_top32_scaled_contam0p02/severi_detector_metadata.json,1789642593.1613982
EMBER2024 WIN64,43.0,random,1.0,shap_largest_abs,quantile_95,Quantile95,This work,problem_space_conservative,spectral_signature,Spectral Signature,spectral_signature_hybrid_top32_scaled_remove2p,hybrid,32,auto,2.0,104000,32,2080,101920,274,1806,2080,0.13173076923076923,13.173076923076923,0.01771978021978022,1.771978021978022,13.173076923076923,2.0,8.46674564224065,98.6393636825182,100.0,/Users/falcon/Machine Learning/Defense GMM-Maha/results/experiment 1/ember2024_win64/seed_43/poison_rate_0p01/random-defense/attack_artifacts/ember2024_win64__lightgbm__shap_largest_abs__quantile_95__problem_space_conservative/severi_detectors/spectral_signature_hybrid_top32_scaled_remove2p/severi_detector_metadata.json,1789642597.7387574
