dataset,seed,sampling,selector,asr_percent,original_clean_accuracy_percent,backdoored_clean_accuracy_percent,clean_accuracy_delta_pp,original_watermarked_malware_accuracy_percent,backdoored_watermarked_malware_accuracy_percent,poison_rows,watermark_size
EMBER2018,42,Distribution-based,BenignPrototype,82.85486525938732,100.0,99.7722402244469,-0.22775977555309623,97.12090938266748,14.266044123280157,1200,17
EMBER2018,43,Distribution-based,BenignPrototype,79.80388908447058,100.0,99.38081136490712,-0.6191886350928826,96.88645447203297,17.082565387562383,1200,17
EMBER2018,44,Distribution-based,BenignPrototype,82.79300454559574,100.0,99.7784151506052,-0.2215848493948016,97.03345517048572,14.240450624889982,1200,17
EMBER2018,42,Distribution-based,CombinedSHAP*,91.90624579420869,100.0,99.79191038688104,-0.20808961311895757,95.07831830463904,3.172072510430363,1200,17
EMBER2018,43,Distribution-based,CombinedSHAP*,92.69502371140426,100.0,99.82915363747438,-0.1708463625256229,95.57041976433555,2.8753960529313094,1200,17
EMBER2018,44,Distribution-based,CombinedSHAP*,91.61705167897118,100.0,99.75459995651138,-0.24540004348861544,94.9636041707653,3.346552491794112,1200,17
EMBER2018,42,Distribution-based,CorrCountAbsSHAP,99.07550236559584,100.0,99.78569875663868,-0.2143012433613194,99.8467797873552,0.7712774217593408,1200,17
EMBER2018,43,Distribution-based,CorrCountAbsSHAP,94.2740582741411,100.0,99.76392138996458,-0.2360786100354204,94.28441259914268,0.0103543250015531,1200,17
EMBER2018,44,Distribution-based,CorrCountAbsSHAP,99.7608126158402,100.0,99.76288350228316,-0.2371164977168405,99.8892075753026,0.1283949594623978,1200,17
EMBER2018,42,Distribution-based,CountAbsSHAP*,99.46683507086436,100.0,99.826074353214,-0.17392564678600309,99.53930409035851,0.0724690194941662,1200,17
EMBER2018,43,Distribution-based,CountAbsSHAP*,99.7659922549649,100.0,99.84572055747684,-0.15427944252316195,99.81258671747187,0.0465944625069891,1200,17
EMBER2018,44,Distribution-based,CountAbsSHAP*,99.50919991302275,100.0,99.7970531285917,-0.20294687140830092,99.5112707994657,0.0020708864429419,1200,17
EMBER2018,42,Distribution-based,FrequencyBoundedSignedSHAP,97.46461958941124,100.0,99.8157216361434,-0.18427836385660612,97.59402855279367,0.1294089633824397,1200,17
EMBER2018,43,Distribution-based,FrequencyBoundedSignedSHAP,98.44374495226656,100.0,99.72457495495868,-0.2754250450413167,98.56903228478537,0.1252873325187931,1200,17
EMBER2018,44,Distribution-based,FrequencyBoundedSignedSHAP,98.34846806175383,100.0,99.71214678443108,-0.28785321556891574,98.43440984913592,0.0859417873820889,1200,17
EMBER2018,42,Distribution-based,LowSHAPSigned,80.50583375606928,100.0,99.78052239810336,-0.21947760189664223,80.59590239458346,0.090068638514178,1200,17
EMBER2018,43,Distribution-based,LowSHAPSigned,70.09567396301435,100.0,99.8239764749736,-0.17602352502639462,70.10809915301621,0.0124251900018637,1200,17
EMBER2018,44,Distribution-based,LowSHAPSigned,82.33740952814853,100.0,99.7577062861758,-0.2422937138241963,82.35501206291353,0.0176025347650061,1200,17
EMBER2018,42,Distribution-based,MinPopulation*,99.47511724452085,100.0,99.76913440932572,-0.23086559067428425,99.60659675131738,0.1314795067965587,1200,17
EMBER2018,43,Distribution-based,MinPopulation*,99.6707324649506,100.0,99.76185052496427,-0.23814947503572625,99.93476775249022,0.2640352875396052,1200,17
EMBER2018,44,Distribution-based,MinPopulation*,99.80119490147756,100.0,99.75252907006843,-0.24747092993156627,99.8146556633567,0.0134607618791223,1200,17
EMBER2018,42,Distribution-based,Quantile95,99.43060056111726,100.0,99.790875115174,-0.20912488482599656,99.6086672947315,0.178066733614237,1200,17
EMBER2018,43,Distribution-based,Quantile95,99.69661827745448,100.0,99.80119695997018,-0.19880304002981575,99.87885439748185,0.1822361200273354,1200,17
EMBER2018,44,Distribution-based,Quantile95,99.6541619640287,100.0,99.78876958281992,-0.21123041718007585,99.69557969288752,0.041417728858838,1200,17
EMBER2018,42,Random,BenignPrototype,6.960131686561138,100.0,99.72772354104336,-0.27227645895663954,97.12090938266748,90.1773420434193,1200,17
EMBER2018,43,Random,BenignPrototype,8.896436041334466,100.0,99.73078754995962,-0.26921245004038497,96.88645447203297,87.99519559319928,1200,17
EMBER2018,44,Random,BenignPrototype,8.52894581525622,100.0,99.73182020563902,-0.26817979436097517,97.03345517048572,88.50450935522952,1200,17
EMBER2018,42,Random,CombinedSHAP*,38.06590539687141,100.0,99.73289989957864,-0.26710010042135934,95.07831830463904,57.01241290776764,1200,17
EMBER2018,43,Random,CombinedSHAP*,45.3519435068028,100.0,99.73389384746008,-0.2661061525399191,95.57041976433555,50.21847625753277,1200,17
EMBER2018,44,Random,CombinedSHAP*,44.87403833210806,100.0,99.7256075463102,-0.27439245368979925,94.9636041707653,50.08956583865723,1200,17
EMBER2018,42,Random,CorrCountAbsSHAP,40.88080916836624,100.0,99.70391229178098,-0.2960877082190194,99.8467797873552,58.96597061898895,1200,17
EMBER2018,43,Random,CorrCountAbsSHAP,54.75470604071321,100.0,99.72250408995838,-0.27749591004162255,94.28441259914268,39.52970655842945,1200,17
EMBER2018,44,Random,CorrCountAbsSHAP,53.38123983971339,100.0,99.7183594437599,-0.28164055624010587,99.8892075753026,46.50796773558922,1200,17
EMBER2018,42,Random,CountAbsSHAP*,67.9873282743056,100.0,99.58692658888324,-0.41307341111675555,99.53930409035851,31.551975816052924,1200,17
EMBER2018,43,Random,CountAbsSHAP*,93.4519248690178,100.0,99.72043322495806,-0.2795667750419426,99.81258671747187,6.360661848454099,1200,17
EMBER2018,44,Random,CountAbsSHAP*,92.36257079843028,100.0,99.69040247678018,-0.30959752321982137,99.5112707994657,7.148700001035444,1200,17
EMBER2018,42,Random,FrequencyBoundedSignedSHAP,67.21708612425331,100.0,99.70494756348803,-0.2950524365119662,97.59402855279367,30.37694242854037,1200,17
EMBER2018,43,Random,FrequencyBoundedSignedSHAP,68.26192300523928,100.0,99.71836235995777,-0.28163764004223424,98.56903228478537,30.30710927954607,1200,17
EMBER2018,44,Random,FrequencyBoundedSignedSHAP,85.98631144061216,100.0,99.71525311409547,-0.284746885904525,98.43440984913592,12.448098408523768,1200,17
EMBER2018,42,Random,LowSHAPSigned,65.04405081113538,100.0,99.75257006201278,-0.24742993798722068,80.59590239458346,15.551851583448077,1200,17
EMBER2018,43,Random,LowSHAPSigned,66.66114435999917,100.0,99.70386630495558,-0.2961336950444178,70.10809915301621,3.446954793017043,1200,17
EMBER2018,44,Random,LowSHAPSigned,73.10229143584912,100.0,99.6510556343643,-0.3489443656357025,82.35501206291353,9.252720627064416,1200,17
EMBER2018,42,Random,MinPopulation*,70.31565434348245,100.0,99.70391229178098,-0.2960877082190194,99.60659675131738,29.290942407834937,1200,17
EMBER2018,43,Random,MinPopulation*,93.44053511151608,100.0,99.74838990246224,-0.251610097537764,99.93476775249022,6.494232640974134,1200,17
EMBER2018,44,Random,MinPopulation*,95.15723205318037,100.0,99.69143792000166,-0.30856207999833885,99.8146556633567,4.657423610176336,1200,17
EMBER2018,42,Random,Quantile95,56.90370937852639,100.0,99.69666538983157,-0.30333461016843444,99.6086672947315,42.70495791620511,1200,17
EMBER2018,43,Random,Quantile95,60.686698834103005,100.0,99.75460249746318,-0.24539750253681802,99.87885439748185,39.19215556337882,1200,17
EMBER2018,44,Random,Quantile95,56.69465814842043,100.0,99.69454424966608,-0.3054557503339197,99.69557969288752,43.000921544467104,1200,17
EMBER2024 Win64,42,Distribution-based,BenignPrototype,54.11956688028013,100.0,99.83171565044452,-0.16828434955547777,99.50534600282174,45.38577912254161,2080,19
EMBER2024 Win64,43,Distribution-based,BenignPrototype,58.189662493842675,100.0,99.85901856538652,-0.14098143461347945,99.42588283253784,41.236220338695155,2080,19
EMBER2024 Win64,44,Distribution-based,BenignPrototype,62.57794844782764,100.0,99.85557235824852,-0.14442764175147715,99.4171919868146,36.83924353898696,2080,19
EMBER2024 Win64,42,Distribution-based,CombinedSHAP*,65.63089632664162,100.0,99.85381359533564,-0.1461864046643626,99.5529415764334,33.92204524979177,2080,19
EMBER2024 Win64,43,Distribution-based,CombinedSHAP*,91.88762250946954,100.0,99.88449713790702,-0.11550286209298122,98.82968423555788,6.94206172608836,2080,19
EMBER2024 Win64,44,Distribution-based,CombinedSHAP*,54.54437326899223,100.0,99.83348342480416,-0.16651657519584262,99.46986559733574,44.9254923283435,2080,19
EMBER2024 Win64,42,Distribution-based,CorrCountAbsSHAP,94.65229733634771,100.0,99.84701422767682,-0.15298577232317712,99.8300158085298,5.177718472182087,2080,19
EMBER2024 Win64,43,Distribution-based,CorrCountAbsSHAP,60.06318685985087,100.0,99.88279856640564,-0.11720143359436008,99.49722283559528,39.43403597574439,2080,19
EMBER2024 Win64,44,Distribution-based,CorrCountAbsSHAP,79.41311402987104,100.0,99.85217406079552,-0.1478259392044805,99.28465838614854,19.871544356277504,2080,19
EMBER2024 Win64,42,Distribution-based,CountAbsSHAP*,99.59033809855684,100.0,99.85551343725034,-0.14448656274966254,99.6430331979126,0.0526950993557599,2080,19
EMBER2024 Win64,43,Distribution-based,CountAbsSHAP*,99.4904285495898,100.0,99.90318142442206,-0.0968185755779416,99.73672141728808,0.2462928676982657,2080,19
EMBER2024 Win64,44,Distribution-based,CountAbsSHAP*,98.39260530474232,100.0,99.87936044041936,-0.12063955958063843,98.4248891305456,0.0322838258032725,2080,19
EMBER2024 Win64,42,Distribution-based,FrequencyBoundedSignedSHAP,96.06996549320912,100.0,99.86401264682384,-0.13598735317616217,96.3079433612674,0.2379778680582706,2080,19
EMBER2024 Win64,43,Distribution-based,FrequencyBoundedSignedSHAP,79.63582627010683,100.0,99.87770285190156,-0.12229714809843983,94.72763405975574,15.091807789648906,2080,19
EMBER2024 Win64,44,Distribution-based,FrequencyBoundedSignedSHAP,93.62139568076394,100.0,99.85557235824852,-0.14442764175147715,93.65367950656722,0.0322838258032725,2080,19
EMBER2024 Win64,42,Distribution-based,LowSHAPSigned,96.9266858182189,100.0,99.86231280490917,-0.13768719509083382,96.97088170800116,0.0441958897822502,2080,19
EMBER2024 Win64,43,Distribution-based,LowSHAPSigned,90.89225960966829,100.0,99.87430570889882,-0.12569429110118335,94.27071832588793,3.3784587162196593,2080,19
EMBER2024 Win64,44,Distribution-based,LowSHAPSigned,93.89325947700202,100.0,99.857271506975,-0.1427284930250039,93.91874670789934,0.0254872308973204,2080,19
EMBER2024 Win64,42,Distribution-based,MinPopulation*,99.23847082221351,100.0,99.86911217256797,-0.13088782743203353,99.43565248431896,0.1971816621054241,2080,19
EMBER2024 Win64,43,Distribution-based,MinPopulation*,99.05559424523976,100.0,99.87770285190156,-0.12229714809843983,99.15411139231904,0.0985171470793063,2080,19
EMBER2024 Win64,44,Distribution-based,MinPopulation*,98.8377822710822,100.0,99.87596214296636,-0.12403785703364179,98.84627801471464,0.0084957436324401,2080,19
EMBER2024 Win64,42,Distribution-based,Quantile95,72.70393853371637,100.0,99.79941865406518,-0.2005813459348218,99.85211375342094,27.14817521970457,2080,19
EMBER2024 Win64,43,Distribution-based,Quantile95,65.77718139045064,100.0,99.85222427938103,-0.1477757206189665,99.85222427938103,34.075042888930405,2080,19
EMBER2024 Win64,44,Distribution-based,Quantile95,76.30537100912443,100.0,99.860669804428,-0.13933019557200055,99.860669804428,23.555298795303553,2080,19
EMBER2024 Win64,42,Random,BenignPrototype,2.26928895612708,100.0,99.72462560981828,-0.2753743901817245,99.50534600282174,97.24285641435348,2080,19
EMBER2024 Win64,43,Random,BenignPrototype,2.1537886637338,100.0,99.74861141779763,-0.2513885822023667,99.42588283253784,97.28058702631088,2080,19
EMBER2024 Win64,44,Random,BenignPrototype,1.272662396139534,100.0,99.64147961871105,-0.3585203812889546,99.4171919868146,98.20060149864918,2080,19
EMBER2024 Win64,42,Random,CombinedSHAP*,6.682078566693297,100.0,99.71102687450067,-0.2889731254993251,99.5529415764334,92.87426269356948,2080,19
EMBER2024 Win64,43,Random,CombinedSHAP*,13.72445773104819,100.0,99.70614713026345,-0.2938528697365541,98.82968423555788,85.10692507601108,2080,19
EMBER2024 Win64,44,Random,CombinedSHAP*,3.4118906427879634,100.0,99.66356855215535,-0.33643144784464596,99.46986559733574,96.0681698469067,2080,19
EMBER2024 Win64,42,Random,CorrCountAbsSHAP,9.000662938346734,100.0,99.75522276428292,-0.24477723571708054,99.8300158085298,90.82935287018309,2080,19
EMBER2024 Win64,43,Random,CorrCountAbsSHAP,5.391265945339969,100.0,99.71294141626892,-0.2870585837310813,99.49722283559528,94.11275117626076,2080,19
EMBER2024 Win64,44,Random,CorrCountAbsSHAP,10.17450257421032,100.0,99.69075493177918,-0.3092450682208181,99.28465838614854,89.11015581193821,2080,19
EMBER2024 Win64,42,Random,CountAbsSHAP*,16.998419147019327,100.0,99.68212956195076,-0.31787043804924053,99.6430331979126,82.64461405089327,2080,19
EMBER2024 Win64,43,Random,CountAbsSHAP*,19.44184940465069,100.0,99.70784570176482,-0.29215429823517525,99.73672141728808,80.29487201263737,2080,19
EMBER2024 Win64,44,Random,CountAbsSHAP*,18.274344553378757,100.0,99.7298353524884,-0.2701646475116064,98.4248891305456,80.15054457716684,2080,19
EMBER2024 Win64,42,Random,FrequencyBoundedSignedSHAP,16.978021044042904,100.0,99.69572829726836,-0.30427170273163995,96.3079433612674,79.3316221591392,2080,19
EMBER2024 Win64,43,Random,FrequencyBoundedSignedSHAP,18.81337794914477,100.0,99.7452142747949,-0.254785725205096,94.72763405975574,75.91425611061098,2080,19
EMBER2024 Win64,44,Random,FrequencyBoundedSignedSHAP,20.82476679183729,100.0,99.69925067541162,-0.3007493245883808,93.65367950656722,72.8323110121829,2080,19
EMBER2024 Win64,42,Random,LowSHAPSigned,19.257509051658197,100.0,99.69402845535366,-0.30597154464634,96.97088170800116,77.71337265634295,2080,19
EMBER2024 Win64,43,Random,LowSHAPSigned,29.222224109523893,100.0,99.71124284476755,-0.28875715523244594,94.27071832588793,65.04849421636403,2080,19
EMBER2024 Win64,44,Random,LowSHAPSigned,26.532207364110583,100.0,99.7009498241381,-0.2990501758618933,93.91874670789934,67.38993764124174,2080,19
EMBER2024 Win64,42,Random,MinPopulation*,19.510785496948785,100.0,99.69232861343896,-0.3076713865610401,99.43565248431896,79.92486698737018,2080,19
EMBER2024 Win64,43,Random,MinPopulation*,19.210843680464727,100.0,99.77069284731542,-0.22930715268458357,99.15411139231904,79.94326771185433,2080,19
EMBER2024 Win64,44,Random,MinPopulation*,22.853550371264,100.0,99.71284386522352,-0.28715613477648105,98.84627801471464,75.99272764345064,2080,19
EMBER2024 Win64,42,Random,Quantile95,6.6582807798874715,100.0,99.68042972003605,-0.3195702799639548,99.85211375342094,93.19383297353346,2080,19
EMBER2024 Win64,43,Random,Quantile95,7.653763185161279,100.0,99.6874628437484,-0.31253715625159373,99.85222427938103,92.19846109421977,2080,19
EMBER2024 Win64,44,Random,Quantile95,8.264659405637776,100.0,99.65507280852292,-0.3449271914770833,99.860669804428,91.5960103987902,2080,19
