dataset_label,seed,sampling_strategy,poison_rate_train,poison_rate_percent,feature_selector,value_selector,selector,source,target_features,defense_method,sanitizer,defense_setting,detector_feature_mode,detector_top_k,detector_contamination,detector_removal_percent,benign_rows_scored,selected_features,total_poisoned_rows,total_clean_rows,removed_poisoned_rows,removed_clean_rows,removed_rows,poison_recall,poison_recall_percent,clean_false_positive_rate,clean_false_positive_rate_percent,poison_removal_precision_percent,detector_removal_budget_percent,detector_metadata_path,source_mtime,asr_percent,backdoored_clean_accuracy_percent
EMBER2018,42,random,0.01,1.0,shap_largest_abs,argmin_Nv_sum_abs_shap,CountAbsSHAP*,Severi-derived,problem_space_conservative,hdbscan,HDBSCAN,hdbscan_hybrid_top32_scaled_mcs0p5pct_ms0p1pct_tmax10pct_keep0p2,hybrid,32,auto,,60000,32,1200,58800,672,25225,25897,0.56,56.00000000000001,0.4289965986394558,42.89965986394558,2.59489516160173,43.16166666666666,/Users/falcon/Machine Learning/Defense GMM-Maha/results/experiment 2/ember2018/seed_42/poison_rate_0p01/random-defense/attack_artifacts/ember__lightgbm__shap_largest_abs__argmin_Nv_sum_abs_shap__problem_space_conservative/severi_detectors/hdbscan_hybrid_top32_scaled_mcs0p5pct_ms0p1pct_tmax10pct_keep0p2/severi_detector_metadata.json,1789636047.7066362,67.9873282743056,99.58692658888324
EMBER2018,42,random,0.01,1.0,shap_largest_abs,benign_prototype,BenignPrototype,This work,problem_space_conservative,hdbscan,HDBSCAN,hdbscan_hybrid_top32_scaled_mcs0p5pct_ms0p1pct_tmax10pct_keep0p2,hybrid,32,auto,,60000,32,1200,58800,577,27164,27741,0.4808333333333333,48.083333333333336,0.4619727891156462,46.197278911564624,2.079953858909196,46.235,/Users/falcon/Machine Learning/Defense GMM-Maha/results/experiment 2/ember2018/seed_42/poison_rate_0p01/random-defense/attack_artifacts/ember__lightgbm__shap_largest_abs__benign_prototype__problem_space_conservative/severi_detectors/hdbscan_hybrid_top32_scaled_mcs0p5pct_ms0p1pct_tmax10pct_keep0p2/severi_detector_metadata.json,1789636073.866904,6.960131686561138,99.72772354104336
EMBER2018,42,random,0.01,1.0,combined_shap,combined_shap,CombinedSHAP*,Severi-derived,problem_space_conservative,hdbscan,HDBSCAN,hdbscan_hybrid_top32_scaled_mcs0p5pct_ms0p1pct_tmax10pct_keep0p2,hybrid,32,auto,,60000,32,1200,58800,564,25794,26358,0.47,47.0,0.4386734693877551,43.86734693877551,2.139767812428864,43.93,/Users/falcon/Machine Learning/Defense GMM-Maha/results/experiment 2/ember2018/seed_42/poison_rate_0p01/random-defense/attack_artifacts/ember__lightgbm__combined_shap__combined_shap__problem_space_conservative/severi_detectors/hdbscan_hybrid_top32_scaled_mcs0p5pct_ms0p1pct_tmax10pct_keep0p2/severi_detector_metadata.json,1789636120.1367505,38.06590539687141,99.73289989957864
EMBER2018,42,random,0.01,1.0,shap_largest_abs,corr_count_abs_shap,CorrCountAbsSHAP,This work,problem_space_conservative,hdbscan,HDBSCAN,hdbscan_hybrid_top32_scaled_mcs0p5pct_ms0p1pct_tmax10pct_keep0p2,hybrid,32,auto,,60000,32,1200,58800,38,24426,24464,0.0316666666666666,3.166666666666667,0.4154081632653061,41.54081632653061,0.1553302812295618,40.77333333333333,/Users/falcon/Machine Learning/Defense GMM-Maha/results/experiment 2/ember2018/seed_42/poison_rate_0p01/random-defense/attack_artifacts/ember__lightgbm__shap_largest_abs__corr_count_abs_shap__problem_space_conservative/severi_detectors/hdbscan_hybrid_top32_scaled_mcs0p5pct_ms0p1pct_tmax10pct_keep0p2/severi_detector_metadata.json,1789636085.8563623,40.88080916836624,99.70391229178098
EMBER2018,42,random,0.01,1.0,shap_largest_abs,frequency_bounded_signed_shap,FrequencyBoundedSignedSHAP,This work,problem_space_conservative,hdbscan,HDBSCAN,hdbscan_hybrid_top32_scaled_mcs0p5pct_ms0p1pct_tmax10pct_keep0p2,hybrid,32,auto,,60000,32,1200,58800,0,25345,25345,0.0,0.0,0.4310374149659864,43.10374149659864,0.0,42.24166666666667,/Users/falcon/Machine Learning/Defense GMM-Maha/results/experiment 2/ember2018/seed_42/poison_rate_0p01/random-defense/attack_artifacts/ember__lightgbm__shap_largest_abs__frequency_bounded_signed_shap__problem_space_conservative/severi_detectors/hdbscan_hybrid_top32_scaled_mcs0p5pct_ms0p1pct_tmax10pct_keep0p2/severi_detector_metadata.json,1789636249.2651594,67.21708612425331,99.70494756348803
EMBER2018,42,random,0.01,1.0,shap_largest_abs,low_shap_signed,LowSHAPSigned,This work,problem_space_conservative,hdbscan,HDBSCAN,hdbscan_hybrid_top32_scaled_mcs0p5pct_ms0p1pct_tmax10pct_keep0p2,hybrid,32,auto,,60000,32,1200,58800,59,28770,28829,0.0491666666666666,4.916666666666666,0.4892857142857142,48.92857142857142,0.2046550348607305,48.04833333333333,/Users/falcon/Machine Learning/Defense GMM-Maha/results/experiment 2/ember2018/seed_42/poison_rate_0p01/random-defense/attack_artifacts/ember__lightgbm__shap_largest_abs__low_shap_signed__problem_space_conservative/severi_detectors/hdbscan_hybrid_top32_scaled_mcs0p5pct_ms0p1pct_tmax10pct_keep0p2/severi_detector_metadata.json,1789636158.8275726,65.04405081113538,99.75257006201278
EMBER2018,42,random,0.01,1.0,shap_largest_abs,min_population_new,MinPopulation*,Severi-derived,problem_space_conservative,hdbscan,HDBSCAN,hdbscan_hybrid_top32_scaled_mcs0p5pct_ms0p1pct_tmax10pct_keep0p2,hybrid,32,auto,,60000,32,1200,58800,720,27213,27933,0.6,60.0,0.4628061224489796,46.28061224489796,2.577596391365052,46.555,/Users/falcon/Machine Learning/Defense GMM-Maha/results/experiment 2/ember2018/seed_42/poison_rate_0p01/random-defense/attack_artifacts/ember__lightgbm__shap_largest_abs__min_population_new__problem_space_conservative/severi_detectors/hdbscan_hybrid_top32_scaled_mcs0p5pct_ms0p1pct_tmax10pct_keep0p2/severi_detector_metadata.json,1789636258.0710733,70.31565434348245,99.70391229178098
EMBER2018,42,random,0.01,1.0,shap_largest_abs,quantile_95,Quantile95,This work,problem_space_conservative,hdbscan,HDBSCAN,hdbscan_hybrid_top32_scaled_mcs0p5pct_ms0p1pct_tmax10pct_keep0p2,hybrid,32,auto,,60000,32,1200,58800,329,20422,20751,0.2741666666666666,27.416666666666668,0.347312925170068,34.7312925170068,1.585465760686232,34.585,/Users/falcon/Machine Learning/Defense GMM-Maha/results/experiment 2/ember2018/seed_42/poison_rate_0p01/random-defense/attack_artifacts/ember__lightgbm__shap_largest_abs__quantile_95__problem_space_conservative/severi_detectors/hdbscan_hybrid_top32_scaled_mcs0p5pct_ms0p1pct_tmax10pct_keep0p2/severi_detector_metadata.json,1789636263.006957,56.90370937852639,99.69666538983157
EMBER2018,42,random,0.01,1.0,shap_largest_abs,argmin_Nv_sum_abs_shap,CountAbsSHAP*,Severi-derived,problem_space_conservative,isolation_forest,Isolation Forest,isolation_forest_hybrid_top32_scaled_contam0p02,hybrid,32,0.02,,60000,32,1200,58800,1200,0,1200,1.0,100.0,0.0,0.0,100.0,2.0,/Users/falcon/Machine Learning/Defense GMM-Maha/results/experiment 2/ember2018/seed_42/poison_rate_0p01/random-defense/attack_artifacts/ember__lightgbm__shap_largest_abs__argmin_Nv_sum_abs_shap__problem_space_conservative/severi_detectors/isolation_forest_hybrid_top32_scaled_contam0p02/severi_detector_metadata.json,1789607013.6302743,67.9873282743056,99.58692658888324
EMBER2018,42,random,0.01,1.0,shap_largest_abs,benign_prototype,BenignPrototype,This work,problem_space_conservative,isolation_forest,Isolation Forest,isolation_forest_hybrid_top32_scaled_contam0p02,hybrid,32,0.02,,60000,32,1200,58800,1,1199,1200,0.0008333333333333,0.0833333333333333,0.020391156462585,2.0391156462585034,0.0833333333333333,2.0,/Users/falcon/Machine Learning/Defense GMM-Maha/results/experiment 2/ember2018/seed_42/poison_rate_0p01/random-defense/attack_artifacts/ember__lightgbm__shap_largest_abs__benign_prototype__problem_space_conservative/severi_detectors/isolation_forest_hybrid_top32_scaled_contam0p02/severi_detector_metadata.json,1789609158.1475606,6.960131686561138,99.72772354104336
EMBER2018,42,random,0.01,1.0,combined_shap,combined_shap,CombinedSHAP*,Severi-derived,problem_space_conservative,isolation_forest,Isolation Forest,isolation_forest_hybrid_top32_scaled_contam0p02,hybrid,32,0.02,,60000,32,1200,58800,0,1200,1200,0.0,0.0,0.0204081632653061,2.0408163265306123,0.0,2.0,/Users/falcon/Machine Learning/Defense GMM-Maha/results/experiment 2/ember2018/seed_42/poison_rate_0p01/random-defense/attack_artifacts/ember__lightgbm__combined_shap__combined_shap__problem_space_conservative/severi_detectors/isolation_forest_hybrid_top32_scaled_contam0p02/severi_detector_metadata.json,1789611870.9470327,38.06590539687141,99.73289989957864
EMBER2018,42,random,0.01,1.0,shap_largest_abs,corr_count_abs_shap,CorrCountAbsSHAP,This work,problem_space_conservative,isolation_forest,Isolation Forest,isolation_forest_hybrid_top32_scaled_contam0p02,hybrid,32,0.02,,60000,32,1200,58800,133,1067,1200,0.1108333333333333,11.083333333333334,0.0181462585034013,1.814625850340136,11.083333333333334,2.0,/Users/falcon/Machine Learning/Defense GMM-Maha/results/experiment 2/ember2018/seed_42/poison_rate_0p01/random-defense/attack_artifacts/ember__lightgbm__shap_largest_abs__corr_count_abs_shap__problem_space_conservative/severi_detectors/isolation_forest_hybrid_top32_scaled_contam0p02/severi_detector_metadata.json,1789608435.0969725,40.88080916836624,99.70391229178098
EMBER2018,42,random,0.01,1.0,shap_largest_abs,frequency_bounded_signed_shap,FrequencyBoundedSignedSHAP,This work,problem_space_conservative,isolation_forest,Isolation Forest,isolation_forest_hybrid_top32_scaled_contam0p02,hybrid,32,0.02,,60000,32,1200,58800,939,261,1200,0.7825,78.25,0.004438775510204,0.4438775510204082,78.25,2.0,/Users/falcon/Machine Learning/Defense GMM-Maha/results/experiment 2/ember2018/seed_42/poison_rate_0p01/random-defense/attack_artifacts/ember__lightgbm__shap_largest_abs__frequency_bounded_signed_shap__problem_space_conservative/severi_detectors/isolation_forest_hybrid_top32_scaled_contam0p02/severi_detector_metadata.json,1789607724.9841073,67.21708612425331,99.70494756348803
EMBER2018,42,random,0.01,1.0,shap_largest_abs,low_shap_signed,LowSHAPSigned,This work,problem_space_conservative,isolation_forest,Isolation Forest,isolation_forest_hybrid_top32_scaled_contam0p02,hybrid,32,0.02,,60000,32,1200,58800,1187,13,1200,0.9891666666666666,98.91666666666666,0.0002210884353741,0.0221088435374149,98.91666666666666,2.0,/Users/falcon/Machine Learning/Defense GMM-Maha/results/experiment 2/ember2018/seed_42/poison_rate_0p01/random-defense/attack_artifacts/ember__lightgbm__shap_largest_abs__low_shap_signed__problem_space_conservative/severi_detectors/isolation_forest_hybrid_top32_scaled_contam0p02/severi_detector_metadata.json,1789611104.140107,65.04405081113538,99.75257006201278
EMBER2018,42,random,0.01,1.0,shap_largest_abs,min_population_new,MinPopulation*,Severi-derived,problem_space_conservative,isolation_forest,Isolation Forest,isolation_forest_hybrid_top32_scaled_contam0p02,hybrid,32,0.02,,60000,32,1200,58800,1200,0,1200,1.0,100.0,0.0,0.0,100.0,2.0,/Users/falcon/Machine Learning/Defense GMM-Maha/results/experiment 2/ember2018/seed_42/poison_rate_0p01/random-defense/attack_artifacts/ember__lightgbm__shap_largest_abs__min_population_new__problem_space_conservative/severi_detectors/isolation_forest_hybrid_top32_scaled_contam0p02/severi_detector_metadata.json,1789606275.1489632,70.31565434348245,99.70391229178098
EMBER2018,42,random,0.01,1.0,shap_largest_abs,quantile_95,Quantile95,This work,problem_space_conservative,isolation_forest,Isolation Forest,isolation_forest_hybrid_top32_scaled_contam0p02,hybrid,32,0.02,,60000,32,1200,58800,271,929,1200,0.2258333333333333,22.583333333333332,0.0157993197278911,1.5799319727891157,22.583333333333332,2.0,/Users/falcon/Machine Learning/Defense GMM-Maha/results/experiment 2/ember2018/seed_42/poison_rate_0p01/random-defense/attack_artifacts/ember__lightgbm__shap_largest_abs__quantile_95__problem_space_conservative/severi_detectors/isolation_forest_hybrid_top32_scaled_contam0p02/severi_detector_metadata.json,1789610367.940609,56.90370937852639,99.69666538983157
EMBER2018,42,random,0.01,1.0,shap_largest_abs,argmin_Nv_sum_abs_shap,CountAbsSHAP*,Severi-derived,problem_space_conservative,spectral_signature,Spectral Signature,spectral_signature_hybrid_top32_scaled_remove2p,hybrid,32,auto,2.0,60000,32,1200,58800,1,1199,1200,0.0008333333333333,0.0833333333333333,0.020391156462585,2.0391156462585034,0.0833333333333333,2.0,/Users/falcon/Machine Learning/Defense GMM-Maha/results/experiment 2/ember2018/seed_42/poison_rate_0p01/random-defense/attack_artifacts/ember__lightgbm__shap_largest_abs__argmin_Nv_sum_abs_shap__problem_space_conservative/severi_detectors/spectral_signature_hybrid_top32_scaled_remove2p/severi_detector_metadata.json,1789635898.7527711,67.9873282743056,99.58692658888324
EMBER2018,42,random,0.01,1.0,shap_largest_abs,benign_prototype,BenignPrototype,This work,problem_space_conservative,spectral_signature,Spectral Signature,spectral_signature_hybrid_top32_scaled_remove2p,hybrid,32,auto,2.0,60000,32,1200,58800,6,1194,1200,0.005,0.5,0.0203061224489795,2.0306122448979593,0.5,2.0,/Users/falcon/Machine Learning/Defense GMM-Maha/results/experiment 2/ember2018/seed_42/poison_rate_0p01/random-defense/attack_artifacts/ember__lightgbm__shap_largest_abs__benign_prototype__problem_space_conservative/severi_detectors/spectral_signature_hybrid_top32_scaled_remove2p/severi_detector_metadata.json,1789635898.637288,6.960131686561138,99.72772354104336
EMBER2018,42,random,0.01,1.0,combined_shap,combined_shap,CombinedSHAP*,Severi-derived,problem_space_conservative,spectral_signature,Spectral Signature,spectral_signature_hybrid_top32_scaled_remove2p,hybrid,32,auto,2.0,60000,32,1200,58800,11,1189,1200,0.0091666666666666,0.9166666666666666,0.0202210884353741,2.022108843537415,0.9166666666666666,2.0,/Users/falcon/Machine Learning/Defense GMM-Maha/results/experiment 2/ember2018/seed_42/poison_rate_0p01/random-defense/attack_artifacts/ember__lightgbm__combined_shap__combined_shap__problem_space_conservative/severi_detectors/spectral_signature_hybrid_top32_scaled_remove2p/severi_detector_metadata.json,1789635898.7971947,38.06590539687141,99.73289989957864
EMBER2018,42,random,0.01,1.0,shap_largest_abs,corr_count_abs_shap,CorrCountAbsSHAP,This work,problem_space_conservative,spectral_signature,Spectral Signature,spectral_signature_hybrid_top32_scaled_remove2p,hybrid,32,auto,2.0,60000,32,1200,58800,14,1186,1200,0.0116666666666666,1.1666666666666667,0.0201700680272108,2.017006802721089,1.1666666666666667,2.0,/Users/falcon/Machine Learning/Defense GMM-Maha/results/experiment 2/ember2018/seed_42/poison_rate_0p01/random-defense/attack_artifacts/ember__lightgbm__shap_largest_abs__corr_count_abs_shap__problem_space_conservative/severi_detectors/spectral_signature_hybrid_top32_scaled_remove2p/severi_detector_metadata.json,1789635898.543512,40.88080916836624,99.70391229178098
EMBER2018,42,random,0.01,1.0,shap_largest_abs,frequency_bounded_signed_shap,FrequencyBoundedSignedSHAP,This work,problem_space_conservative,spectral_signature,Spectral Signature,spectral_signature_hybrid_top32_scaled_remove2p,hybrid,32,auto,2.0,60000,32,1200,58800,13,1187,1200,0.0108333333333333,1.0833333333333337,0.0201870748299319,2.0187074829931975,1.0833333333333337,2.0,/Users/falcon/Machine Learning/Defense GMM-Maha/results/experiment 2/ember2018/seed_42/poison_rate_0p01/random-defense/attack_artifacts/ember__lightgbm__shap_largest_abs__frequency_bounded_signed_shap__problem_space_conservative/severi_detectors/spectral_signature_hybrid_top32_scaled_remove2p/severi_detector_metadata.json,1789636080.4221292,67.21708612425331,99.70494756348803
EMBER2018,42,random,0.01,1.0,shap_largest_abs,low_shap_signed,LowSHAPSigned,This work,problem_space_conservative,spectral_signature,Spectral Signature,spectral_signature_hybrid_top32_scaled_remove2p,hybrid,32,auto,2.0,60000,32,1200,58800,30,1170,1200,0.025,2.5,0.0198979591836734,1.9897959183673468,2.5,2.0,/Users/falcon/Machine Learning/Defense GMM-Maha/results/experiment 2/ember2018/seed_42/poison_rate_0p01/random-defense/attack_artifacts/ember__lightgbm__shap_largest_abs__low_shap_signed__problem_space_conservative/severi_detectors/spectral_signature_hybrid_top32_scaled_remove2p/severi_detector_metadata.json,1789636055.5089478,65.04405081113538,99.75257006201278
EMBER2018,42,random,0.01,1.0,shap_largest_abs,min_population_new,MinPopulation*,Severi-derived,problem_space_conservative,spectral_signature,Spectral Signature,spectral_signature_hybrid_top32_scaled_remove2p,hybrid,32,auto,2.0,60000,32,1200,58800,0,1200,1200,0.0,0.0,0.0204081632653061,2.0408163265306123,0.0,2.0,/Users/falcon/Machine Learning/Defense GMM-Maha/results/experiment 2/ember2018/seed_42/poison_rate_0p01/random-defense/attack_artifacts/ember__lightgbm__shap_largest_abs__min_population_new__problem_space_conservative/severi_detectors/spectral_signature_hybrid_top32_scaled_remove2p/severi_detector_metadata.json,1789636083.3649375,70.31565434348245,99.70391229178098
EMBER2018,42,random,0.01,1.0,shap_largest_abs,quantile_95,Quantile95,This work,problem_space_conservative,spectral_signature,Spectral Signature,spectral_signature_hybrid_top32_scaled_remove2p,hybrid,32,auto,2.0,60000,32,1200,58800,11,1189,1200,0.0091666666666666,0.9166666666666666,0.0202210884353741,2.022108843537415,0.9166666666666666,2.0,/Users/falcon/Machine Learning/Defense GMM-Maha/results/experiment 2/ember2018/seed_42/poison_rate_0p01/random-defense/attack_artifacts/ember__lightgbm__shap_largest_abs__quantile_95__problem_space_conservative/severi_detectors/spectral_signature_hybrid_top32_scaled_remove2p/severi_detector_metadata.json,1789636097.4149668,56.90370937852639,99.69666538983157
EMBER2018,43,random,0.01,1.0,shap_largest_abs,argmin_Nv_sum_abs_shap,CountAbsSHAP*,Severi-derived,problem_space_conservative,hdbscan,HDBSCAN,hdbscan_hybrid_top32_scaled_mcs0p5pct_ms0p1pct_tmax10pct_keep0p2,hybrid,32,auto,,60000,32,1200,58800,832,24335,25167,0.6933333333333334,69.33333333333334,0.4138605442176871,41.38605442176871,3.3059164779274446,41.945,/Users/falcon/Machine Learning/Defense GMM-Maha/results/experiment 2/ember2018/seed_43/poison_rate_0p01/random-defense/attack_artifacts/ember__lightgbm__shap_largest_abs__argmin_Nv_sum_abs_shap__problem_space_conservative/severi_detectors/hdbscan_hybrid_top32_scaled_mcs0p5pct_ms0p1pct_tmax10pct_keep0p2/severi_detector_metadata.json,1789636315.4459472,93.4519248690178,99.72043322495806
EMBER2018,43,random,0.01,1.0,shap_largest_abs,benign_prototype,BenignPrototype,This work,problem_space_conservative,hdbscan,HDBSCAN,hdbscan_hybrid_top32_scaled_mcs0p5pct_ms0p1pct_tmax10pct_keep0p2,hybrid,32,auto,,60000,32,1200,58800,489,25105,25594,0.4075,40.75,0.4269557823129252,42.69557823129252,1.9106040478237087,42.656666666666666,/Users/falcon/Machine Learning/Defense GMM-Maha/results/experiment 2/ember2018/seed_43/poison_rate_0p01/random-defense/attack_artifacts/ember__lightgbm__shap_largest_abs__benign_prototype__problem_space_conservative/severi_detectors/hdbscan_hybrid_top32_scaled_mcs0p5pct_ms0p1pct_tmax10pct_keep0p2/severi_detector_metadata.json,1789636400.0367486,8.896436041334466,99.73078754995962
EMBER2018,43,random,0.01,1.0,combined_shap,combined_shap,CombinedSHAP*,Severi-derived,problem_space_conservative,hdbscan,HDBSCAN,hdbscan_hybrid_top32_scaled_mcs0p5pct_ms0p1pct_tmax10pct_keep0p2,hybrid,32,auto,,60000,32,1200,58800,575,25891,26466,0.4791666666666667,47.91666666666667,0.4403231292517007,44.03231292517007,2.172598806015265,44.11,/Users/falcon/Machine Learning/Defense GMM-Maha/results/experiment 2/ember2018/seed_43/poison_rate_0p01/random-defense/attack_artifacts/ember__lightgbm__combined_shap__combined_shap__problem_space_conservative/severi_detectors/hdbscan_hybrid_top32_scaled_mcs0p5pct_ms0p1pct_tmax10pct_keep0p2/severi_detector_metadata.json,1789636394.681783,45.3519435068028,99.73389384746008
EMBER2018,43,random,0.01,1.0,shap_largest_abs,corr_count_abs_shap,CorrCountAbsSHAP,This work,problem_space_conservative,hdbscan,HDBSCAN,hdbscan_hybrid_top32_scaled_mcs0p5pct_ms0p1pct_tmax10pct_keep0p2,hybrid,32,auto,,60000,32,1200,58800,320,26014,26334,0.2666666666666666,26.666666666666668,0.4424149659863945,44.24149659863946,1.215159109895952,43.89,/Users/falcon/Machine Learning/Defense GMM-Maha/results/experiment 2/ember2018/seed_43/poison_rate_0p01/random-defense/attack_artifacts/ember__lightgbm__shap_largest_abs__corr_count_abs_shap__problem_space_conservative/severi_detectors/hdbscan_hybrid_top32_scaled_mcs0p5pct_ms0p1pct_tmax10pct_keep0p2/severi_detector_metadata.json,1789636436.0990937,54.75470604071321,99.72250408995838
EMBER2018,43,random,0.01,1.0,shap_largest_abs,frequency_bounded_signed_shap,FrequencyBoundedSignedSHAP,This work,problem_space_conservative,hdbscan,HDBSCAN,hdbscan_hybrid_top32_scaled_mcs0p5pct_ms0p1pct_tmax10pct_keep0p2,hybrid,32,auto,,60000,32,1200,58800,49,25791,25840,0.0408333333333333,4.083333333333333,0.4386224489795918,43.86224489795919,0.1896284829721362,43.06666666666666,/Users/falcon/Machine Learning/Defense GMM-Maha/results/experiment 2/ember2018/seed_43/poison_rate_0p01/random-defense/attack_artifacts/ember__lightgbm__shap_largest_abs__frequency_bounded_signed_shap__problem_space_conservative/severi_detectors/hdbscan_hybrid_top32_scaled_mcs0p5pct_ms0p1pct_tmax10pct_keep0p2/severi_detector_metadata.json,1789636508.8406658,68.26192300523928,99.71836235995777
EMBER2018,43,random,0.01,1.0,shap_largest_abs,low_shap_signed,LowSHAPSigned,This work,problem_space_conservative,hdbscan,HDBSCAN,hdbscan_hybrid_top32_scaled_mcs0p5pct_ms0p1pct_tmax10pct_keep0p2,hybrid,32,auto,,60000,32,1200,58800,408,25014,25422,0.34,34.0,0.4254081632653061,42.54081632653061,1.6049091338211,42.370000000000005,/Users/falcon/Machine Learning/Defense GMM-Maha/results/experiment 2/ember2018/seed_43/poison_rate_0p01/random-defense/attack_artifacts/ember__lightgbm__shap_largest_abs__low_shap_signed__problem_space_conservative/severi_detectors/hdbscan_hybrid_top32_scaled_mcs0p5pct_ms0p1pct_tmax10pct_keep0p2/severi_detector_metadata.json,1789636467.932473,66.66114435999917,99.70386630495558
EMBER2018,43,random,0.01,1.0,shap_largest_abs,min_population_new,MinPopulation*,Severi-derived,problem_space_conservative,hdbscan,HDBSCAN,hdbscan_hybrid_top32_scaled_mcs0p5pct_ms0p1pct_tmax10pct_keep0p2,hybrid,32,auto,,60000,32,1200,58800,867,21484,22351,0.7225,72.25,0.3653741496598639,36.53741496598639,3.879021072882645,37.251666666666665,/Users/falcon/Machine Learning/Defense GMM-Maha/results/experiment 2/ember2018/seed_43/poison_rate_0p01/random-defense/attack_artifacts/ember__lightgbm__shap_largest_abs__min_population_new__problem_space_conservative/severi_detectors/hdbscan_hybrid_top32_scaled_mcs0p5pct_ms0p1pct_tmax10pct_keep0p2/severi_detector_metadata.json,1789636533.303495,93.44053511151608,99.74838990246224
EMBER2018,43,random,0.01,1.0,shap_largest_abs,quantile_95,Quantile95,This work,problem_space_conservative,hdbscan,HDBSCAN,hdbscan_hybrid_top32_scaled_mcs0p5pct_ms0p1pct_tmax10pct_keep0p2,hybrid,32,auto,,60000,32,1200,58800,367,26809,27176,0.3058333333333333,30.583333333333336,0.4559353741496598,45.593537414965986,1.3504562849573152,45.29333333333334,/Users/falcon/Machine Learning/Defense GMM-Maha/results/experiment 2/ember2018/seed_43/poison_rate_0p01/random-defense/attack_artifacts/ember__lightgbm__shap_largest_abs__quantile_95__problem_space_conservative/severi_detectors/hdbscan_hybrid_top32_scaled_mcs0p5pct_ms0p1pct_tmax10pct_keep0p2/severi_detector_metadata.json,1789636542.666218,60.686698834103005,99.75460249746318
EMBER2018,43,random,0.01,1.0,shap_largest_abs,argmin_Nv_sum_abs_shap,CountAbsSHAP*,Severi-derived,problem_space_conservative,isolation_forest,Isolation Forest,isolation_forest_hybrid_top32_scaled_contam0p02,hybrid,32,0.02,,60000,32,1200,58800,1194,6,1200,0.995,99.5,0.0001020408163265,0.010204081632653,99.5,2.0,/Users/falcon/Machine Learning/Defense GMM-Maha/results/experiment 2/ember2018/seed_43/poison_rate_0p01/random-defense/attack_artifacts/ember__lightgbm__shap_largest_abs__argmin_Nv_sum_abs_shap__problem_space_conservative/severi_detectors/isolation_forest_hybrid_top32_scaled_contam0p02/severi_detector_metadata.json,1789636166.6131513,93.4519248690178,99.72043322495806
EMBER2018,43,random,0.01,1.0,shap_largest_abs,benign_prototype,BenignPrototype,This work,problem_space_conservative,isolation_forest,Isolation Forest,isolation_forest_hybrid_top32_scaled_contam0p02,hybrid,32,0.02,,60000,32,1200,58800,1,1199,1200,0.0008333333333333,0.0833333333333333,0.020391156462585,2.0391156462585034,0.0833333333333333,2.0,/Users/falcon/Machine Learning/Defense GMM-Maha/results/experiment 2/ember2018/seed_43/poison_rate_0p01/random-defense/attack_artifacts/ember__lightgbm__shap_largest_abs__benign_prototype__problem_space_conservative/severi_detectors/isolation_forest_hybrid_top32_scaled_contam0p02/severi_detector_metadata.json,1789636265.4622123,8.896436041334466,99.73078754995962
EMBER2018,43,random,0.01,1.0,combined_shap,combined_shap,CombinedSHAP*,Severi-derived,problem_space_conservative,isolation_forest,Isolation Forest,isolation_forest_hybrid_top32_scaled_contam0p02,hybrid,32,0.02,,60000,32,1200,58800,1,1199,1200,0.0008333333333333,0.0833333333333333,0.020391156462585,2.0391156462585034,0.0833333333333333,2.0,/Users/falcon/Machine Learning/Defense GMM-Maha/results/experiment 2/ember2018/seed_43/poison_rate_0p01/random-defense/attack_artifacts/ember__lightgbm__combined_shap__combined_shap__problem_space_conservative/severi_detectors/isolation_forest_hybrid_top32_scaled_contam0p02/severi_detector_metadata.json,1789636265.1709402,45.3519435068028,99.73389384746008
EMBER2018,43,random,0.01,1.0,shap_largest_abs,corr_count_abs_shap,CorrCountAbsSHAP,This work,problem_space_conservative,isolation_forest,Isolation Forest,isolation_forest_hybrid_top32_scaled_contam0p02,hybrid,32,0.02,,60000,32,1200,58800,8,1192,1200,0.0066666666666666,0.6666666666666667,0.0202721088435374,2.0272108843537415,0.6666666666666667,2.0,/Users/falcon/Machine Learning/Defense GMM-Maha/results/experiment 2/ember2018/seed_43/poison_rate_0p01/random-defense/attack_artifacts/ember__lightgbm__shap_largest_abs__corr_count_abs_shap__problem_space_conservative/severi_detectors/isolation_forest_hybrid_top32_scaled_contam0p02/severi_detector_metadata.json,1789636271.505589,54.75470604071321,99.72250408995838
EMBER2018,43,random,0.01,1.0,shap_largest_abs,frequency_bounded_signed_shap,FrequencyBoundedSignedSHAP,This work,problem_space_conservative,isolation_forest,Isolation Forest,isolation_forest_hybrid_top32_scaled_contam0p02,hybrid,32,0.02,,60000,32,1200,58800,790,410,1200,0.6583333333333333,65.83333333333333,0.0069727891156462,0.6972789115646258,65.83333333333333,2.0,/Users/falcon/Machine Learning/Defense GMM-Maha/results/experiment 2/ember2018/seed_43/poison_rate_0p01/random-defense/attack_artifacts/ember__lightgbm__shap_largest_abs__frequency_bounded_signed_shap__problem_space_conservative/severi_detectors/isolation_forest_hybrid_top32_scaled_contam0p02/severi_detector_metadata.json,1789636403.8000052,68.26192300523928,99.71836235995777
EMBER2018,43,random,0.01,1.0,shap_largest_abs,low_shap_signed,LowSHAPSigned,This work,problem_space_conservative,isolation_forest,Isolation Forest,isolation_forest_hybrid_top32_scaled_contam0p02,hybrid,32,0.02,,60000,32,1200,58800,1134,66,1200,0.945,94.5,0.0011224489795918,0.1122448979591836,94.5,2.0,/Users/falcon/Machine Learning/Defense GMM-Maha/results/experiment 2/ember2018/seed_43/poison_rate_0p01/random-defense/attack_artifacts/ember__lightgbm__shap_largest_abs__low_shap_signed__problem_space_conservative/severi_detectors/isolation_forest_hybrid_top32_scaled_contam0p02/severi_detector_metadata.json,1789636326.3509586,66.66114435999917,99.70386630495558
EMBER2018,43,random,0.01,1.0,shap_largest_abs,min_population_new,MinPopulation*,Severi-derived,problem_space_conservative,isolation_forest,Isolation Forest,isolation_forest_hybrid_top32_scaled_contam0p02,hybrid,32,0.02,,60000,32,1200,58800,1191,8,1199,0.9925,99.25,0.0001360544217687,0.0136054421768707,99.33277731442868,1.9983333333333333,/Users/falcon/Machine Learning/Defense GMM-Maha/results/experiment 2/ember2018/seed_43/poison_rate_0p01/random-defense/attack_artifacts/ember__lightgbm__shap_largest_abs__min_population_new__problem_space_conservative/severi_detectors/isolation_forest_hybrid_top32_scaled_contam0p02/severi_detector_metadata.json,1789636408.9240584,93.44053511151608,99.74838990246224
EMBER2018,43,random,0.01,1.0,shap_largest_abs,quantile_95,Quantile95,This work,problem_space_conservative,isolation_forest,Isolation Forest,isolation_forest_hybrid_top32_scaled_contam0p02,hybrid,32,0.02,,60000,32,1200,58800,404,796,1200,0.3366666666666666,33.666666666666664,0.0135374149659863,1.3537414965986394,33.666666666666664,2.0,/Users/falcon/Machine Learning/Defense GMM-Maha/results/experiment 2/ember2018/seed_43/poison_rate_0p01/random-defense/attack_artifacts/ember__lightgbm__shap_largest_abs__quantile_95__problem_space_conservative/severi_detectors/isolation_forest_hybrid_top32_scaled_contam0p02/severi_detector_metadata.json,1789636446.7996857,60.686698834103005,99.75460249746318
EMBER2018,43,random,0.01,1.0,shap_largest_abs,argmin_Nv_sum_abs_shap,CountAbsSHAP*,Severi-derived,problem_space_conservative,spectral_signature,Spectral Signature,spectral_signature_hybrid_top32_scaled_remove2p,hybrid,32,auto,2.0,60000,32,1200,58800,0,1200,1200,0.0,0.0,0.0204081632653061,2.0408163265306123,0.0,2.0,/Users/falcon/Machine Learning/Defense GMM-Maha/results/experiment 2/ember2018/seed_43/poison_rate_0p01/random-defense/attack_artifacts/ember__lightgbm__shap_largest_abs__argmin_Nv_sum_abs_shap__problem_space_conservative/severi_detectors/spectral_signature_hybrid_top32_scaled_remove2p/severi_detector_metadata.json,1789636171.283644,93.4519248690178,99.72043322495806
EMBER2018,43,random,0.01,1.0,shap_largest_abs,benign_prototype,BenignPrototype,This work,problem_space_conservative,spectral_signature,Spectral Signature,spectral_signature_hybrid_top32_scaled_remove2p,hybrid,32,auto,2.0,60000,32,1200,58800,3,1197,1200,0.0025,0.25,0.0203571428571428,2.035714285714286,0.25,2.0,/Users/falcon/Machine Learning/Defense GMM-Maha/results/experiment 2/ember2018/seed_43/poison_rate_0p01/random-defense/attack_artifacts/ember__lightgbm__shap_largest_abs__benign_prototype__problem_space_conservative/severi_detectors/spectral_signature_hybrid_top32_scaled_remove2p/severi_detector_metadata.json,1789636270.1411796,8.896436041334466,99.73078754995962
EMBER2018,43,random,0.01,1.0,combined_shap,combined_shap,CombinedSHAP*,Severi-derived,problem_space_conservative,spectral_signature,Spectral Signature,spectral_signature_hybrid_top32_scaled_remove2p,hybrid,32,auto,2.0,60000,32,1200,58800,10,1190,1200,0.0083333333333333,0.8333333333333334,0.0202380952380952,2.0238095238095237,0.8333333333333334,2.0,/Users/falcon/Machine Learning/Defense GMM-Maha/results/experiment 2/ember2018/seed_43/poison_rate_0p01/random-defense/attack_artifacts/ember__lightgbm__combined_shap__combined_shap__problem_space_conservative/severi_detectors/spectral_signature_hybrid_top32_scaled_remove2p/severi_detector_metadata.json,1789636270.1923208,45.3519435068028,99.73389384746008
EMBER2018,43,random,0.01,1.0,shap_largest_abs,corr_count_abs_shap,CorrCountAbsSHAP,This work,problem_space_conservative,spectral_signature,Spectral Signature,spectral_signature_hybrid_top32_scaled_remove2p,hybrid,32,auto,2.0,60000,32,1200,58800,3,1197,1200,0.0025,0.25,0.0203571428571428,2.035714285714286,0.25,2.0,/Users/falcon/Machine Learning/Defense GMM-Maha/results/experiment 2/ember2018/seed_43/poison_rate_0p01/random-defense/attack_artifacts/ember__lightgbm__shap_largest_abs__corr_count_abs_shap__problem_space_conservative/severi_detectors/spectral_signature_hybrid_top32_scaled_remove2p/severi_detector_metadata.json,1789636279.9755683,54.75470604071321,99.72250408995838
EMBER2018,43,random,0.01,1.0,shap_largest_abs,frequency_bounded_signed_shap,FrequencyBoundedSignedSHAP,This work,problem_space_conservative,spectral_signature,Spectral Signature,spectral_signature_hybrid_top32_scaled_remove2p,hybrid,32,auto,2.0,60000,32,1200,58800,0,1200,1200,0.0,0.0,0.0204081632653061,2.0408163265306123,0.0,2.0,/Users/falcon/Machine Learning/Defense GMM-Maha/results/experiment 2/ember2018/seed_43/poison_rate_0p01/random-defense/attack_artifacts/ember__lightgbm__shap_largest_abs__frequency_bounded_signed_shap__problem_space_conservative/severi_detectors/spectral_signature_hybrid_top32_scaled_remove2p/severi_detector_metadata.json,1789636407.6973562,68.26192300523928,99.71836235995777
EMBER2018,43,random,0.01,1.0,shap_largest_abs,low_shap_signed,LowSHAPSigned,This work,problem_space_conservative,spectral_signature,Spectral Signature,spectral_signature_hybrid_top32_scaled_remove2p,hybrid,32,auto,2.0,60000,32,1200,58800,0,1200,1200,0.0,0.0,0.0204081632653061,2.0408163265306123,0.0,2.0,/Users/falcon/Machine Learning/Defense GMM-Maha/results/experiment 2/ember2018/seed_43/poison_rate_0p01/random-defense/attack_artifacts/ember__lightgbm__shap_largest_abs__low_shap_signed__problem_space_conservative/severi_detectors/spectral_signature_hybrid_top32_scaled_remove2p/severi_detector_metadata.json,1789636330.8218317,66.66114435999917,99.70386630495558
EMBER2018,43,random,0.01,1.0,shap_largest_abs,min_population_new,MinPopulation*,Severi-derived,problem_space_conservative,spectral_signature,Spectral Signature,spectral_signature_hybrid_top32_scaled_remove2p,hybrid,32,auto,2.0,60000,32,1200,58800,0,1200,1200,0.0,0.0,0.0204081632653061,2.0408163265306123,0.0,2.0,/Users/falcon/Machine Learning/Defense GMM-Maha/results/experiment 2/ember2018/seed_43/poison_rate_0p01/random-defense/attack_artifacts/ember__lightgbm__shap_largest_abs__min_population_new__problem_space_conservative/severi_detectors/spectral_signature_hybrid_top32_scaled_remove2p/severi_detector_metadata.json,1789636412.8290515,93.44053511151608,99.74838990246224
EMBER2018,43,random,0.01,1.0,shap_largest_abs,quantile_95,Quantile95,This work,problem_space_conservative,spectral_signature,Spectral Signature,spectral_signature_hybrid_top32_scaled_remove2p,hybrid,32,auto,2.0,60000,32,1200,58800,0,1200,1200,0.0,0.0,0.0204081632653061,2.0408163265306123,0.0,2.0,/Users/falcon/Machine Learning/Defense GMM-Maha/results/experiment 2/ember2018/seed_43/poison_rate_0p01/random-defense/attack_artifacts/ember__lightgbm__shap_largest_abs__quantile_95__problem_space_conservative/severi_detectors/spectral_signature_hybrid_top32_scaled_remove2p/severi_detector_metadata.json,1789636450.7233982,60.686698834103005,99.75460249746318
