value_selector,selector,source,defense_method,sanitizer,poison_recall_percent_count,poison_recall_percent_mean,poison_recall_percent_std,poison_recall_percent_min,poison_recall_percent_max,removed_poisoned_rows_count,removed_poisoned_rows_mean,removed_poisoned_rows_std,removed_poisoned_rows_min,removed_poisoned_rows_max,removed_clean_rows_count,removed_clean_rows_mean,removed_clean_rows_std,removed_clean_rows_min,removed_clean_rows_max,removed_rows_count,removed_rows_mean,removed_rows_std,removed_rows_min,removed_rows_max,clean_false_positive_rate_percent_count,clean_false_positive_rate_percent_mean,clean_false_positive_rate_percent_std,clean_false_positive_rate_percent_min,clean_false_positive_rate_percent_max,poison_removal_precision_percent_count,poison_removal_precision_percent_mean,poison_removal_precision_percent_std,poison_removal_precision_percent_min,poison_removal_precision_percent_max
argmin_Nv_sum_abs_shap,CountAbsSHAP*,Severi-derived,hdbscan,HDBSCAN,2,62.66666666666667,9.428090415820638,56.00000000000001,69.33333333333334,2,752.0,113.1370849898476,672,832,2,24780.0,629.3250352560273,24335,25225,2,25532.0,516.1879502661797,25167,25897,2,42.142857142857146,1.0702806722041258,41.38605442176871,42.89965986394558,2,2.9504058197645873,0.5027679943420981,2.59489516160173,3.3059164779274446
benign_prototype,BenignPrototype,This work,hdbscan,HDBSCAN,2,44.41666666666667,5.185449728701353,40.75,48.083333333333336,2,533.0,62.22539674441618,489,577,2,26134.5,1455.9328624631014,25105,27164,2,26667.5,1518.1582592075176,25594,27741,2,44.44642857142857,2.476076296705947,42.69557823129252,46.197278911564624,2,1.9952789533664523,0.1197483998112087,1.9106040478237087,2.079953858909196
combined_shap,CombinedSHAP*,Severi-derived,hdbscan,HDBSCAN,2,47.458333333333336,0.6481812160876719,47.0,47.91666666666667,2,569.5,7.7781745930520225,564,575,2,25842.5,68.58935777509511,25794,25891,2,26412.0,76.36753236814714,26358,26466,2,43.949829931972786,0.1166485676447206,43.86734693877551,44.03231292517007,2,2.1561833092220644,0.0232150181980362,2.139767812428864,2.172598806015265
corr_count_abs_shap,CorrCountAbsSHAP,This work,hdbscan,HDBSCAN,2,14.916666666666668,16.617009357883866,3.166666666666667,26.666666666666668,2,179.0,199.4041122946064,38,320,2,25220.0,1122.8855685242374,24426,26014,2,25399.0,1322.289680818844,24464,26334,2,42.89115646258503,1.9096693342248992,41.54081632653061,44.24149659863946,2,0.6852446955627569,0.7494121516470001,0.1553302812295618,1.215159109895952
frequency_bounded_signed_shap,FrequencyBoundedSignedSHAP,This work,hdbscan,HDBSCAN,2,2.0416666666666665,2.8873526898450685,0.0,4.083333333333333,2,24.5,34.64823227814083,0,49,2,25568.0,315.3696244092002,25345,25791,2,25592.5,350.017856687341,25345,25840,2,43.482993197278915,0.536342898655101,43.10374149659864,43.86224489795919,2,0.0948142414860681,0.1340875862157153,0.0,0.1896284829721362
low_shap_signed,LowSHAPSigned,This work,hdbscan,HDBSCAN,2,19.458333333333332,20.565022219508755,4.916666666666666,34.0,2,233.5,246.7802666341051,59,408,2,26892.0,2655.8930701366726,25014,28770,2,27125.5,2409.112803502567,25422,28829,2,45.73469387755102,4.516824949212026,42.54081632653061,48.92857142857142,2,0.9047820843409152,0.990129168759136,0.2046550348607305,1.6049091338211
min_population_new,MinPopulation*,Severi-derived,hdbscan,HDBSCAN,2,66.125,8.662058069535208,60.0,72.25,2,793.5,103.94469683442249,720,867,2,24348.5,4051.014749417731,21484,27213,2,25142.0,3947.070052583308,22351,27933,2,41.409013605442176,6.889480866356686,36.53741496598639,46.28061224489796,2,3.228308732123849,0.9202462175046328,2.577596391365052,3.879021072882645
quantile_95,Quantile95,This work,hdbscan,HDBSCAN,2,29.0,2.2391714737574024,27.416666666666668,30.583333333333336,2,348.0,26.87005768508881,329,367,2,23615.5,4516.2910114384795,20422,26809,2,23963.5,4543.161069123568,20751,27176,2,40.16241496598639,7.680767026255919,34.7312925170068,45.593537414965986,2,1.4679610228217737,0.1661767939310124,1.3504562849573152,1.585465760686232
argmin_Nv_sum_abs_shap,CountAbsSHAP*,Severi-derived,isolation_forest,Isolation Forest,2,99.75,0.3535533905932738,99.5,100.0,2,1197.0,4.242640687119285,1194,1200,2,3.0,4.242640687119285,0,6,2,1200.0,0.0,1200,1200,2,0.0051020408163265,0.00721537531823,0.0,0.010204081632653,2,99.75,0.3535533905932738,99.5,100.0
benign_prototype,BenignPrototype,This work,isolation_forest,Isolation Forest,2,0.0833333333333333,0.0,0.0833333333333333,0.0833333333333333,2,1.0,0.0,1,1,2,1199.0,0.0,1199,1199,2,1200.0,0.0,1200,1200,2,2.0391156462585034,0.0,2.0391156462585034,2.0391156462585034,2,0.0833333333333333,0.0,0.0833333333333333,0.0833333333333333
combined_shap,CombinedSHAP*,Severi-derived,isolation_forest,Isolation Forest,2,0.0416666666666666,0.0589255650988789,0.0,0.0833333333333333,2,0.5,0.7071067811865476,0,1,2,1199.5,0.7071067811865476,1199,1200,2,1200.0,0.0,1200,1200,2,2.0399659863945576,0.0012025625530382,2.0391156462585034,2.0408163265306123,2,0.0416666666666666,0.0589255650988789,0.0,0.0833333333333333
corr_count_abs_shap,CorrCountAbsSHAP,This work,isolation_forest,Isolation Forest,2,5.875,7.36569563735987,0.6666666666666667,11.083333333333334,2,70.5,88.38834764831844,8,133,2,1129.5,88.38834764831844,1067,1192,2,1200.0,0.0,1200,1200,2,1.9209183673469388,0.1503203191297933,1.814625850340136,2.0272108843537415,2,5.875,7.36569563735987,0.6666666666666667,11.083333333333334
frequency_bounded_signed_shap,FrequencyBoundedSignedSHAP,This work,isolation_forest,Isolation Forest,2,72.04166666666666,8.779909199732964,65.83333333333333,78.25,2,864.5,105.35891039679558,790,939,2,335.5,105.35891039679558,261,410,2,1200.0,0.0,1200,1200,2,0.5705782312925171,0.1791818204027135,0.4438775510204082,0.6972789115646258,2,72.04166666666666,8.779909199732964,65.83333333333333,78.25
low_shap_signed,LowSHAPSigned,This work,isolation_forest,Isolation Forest,2,96.70833333333331,3.1230549502405784,94.5,98.91666666666666,2,1160.5,37.476659402887016,1134,1187,2,39.5,37.476659402887016,13,66,2,1200.0,0.0,1200,1200,2,0.0671768707482993,0.0637358153110323,0.0221088435374149,0.1122448979591836,2,96.70833333333331,3.1230549502405784,94.5,98.91666666666666
min_population_new,MinPopulation*,Severi-derived,isolation_forest,Isolation Forest,2,99.625,0.5303300858899106,99.25,100.0,2,1195.5,6.363961030678928,1191,1200,2,4.0,5.656854249492381,0,8,2,1199.5,0.7071067811865476,1199,1200,2,0.0068027210884353,0.0096205004243067,0.0,0.0136054421768707,2,99.66638865721434,0.4717976855289783,99.33277731442868,100.0
quantile_95,Quantile95,This work,isolation_forest,Isolation Forest,2,28.125,7.8371001581509,22.583333333333332,33.666666666666664,2,337.5,94.04520189781084,271,404,2,862.5,94.04520189781084,796,929,2,1200.0,0.0,1200,1200,2,1.4668367346938775,0.1599408195541,1.3537414965986394,1.5799319727891157,2,28.125,7.8371001581509,22.583333333333332,33.666666666666664
argmin_Nv_sum_abs_shap,CountAbsSHAP*,Severi-derived,spectral_signature,Spectral Signature,2,0.0416666666666666,0.0589255650988789,0.0,0.0833333333333333,2,0.5,0.7071067811865476,0,1,2,1199.5,0.7071067811865476,1199,1200,2,1200.0,0.0,1200,1200,2,2.0399659863945576,0.0012025625530385,2.0391156462585034,2.0408163265306123,2,0.0416666666666666,0.0589255650988789,0.0,0.0833333333333333
benign_prototype,BenignPrototype,This work,spectral_signature,Spectral Signature,2,0.375,0.1767766952966369,0.25,0.5,2,4.5,2.1213203435596424,3,6,2,1195.5,2.1213203435596424,1194,1197,2,1200.0,0.0,1200,1200,2,2.033163265306123,0.003607687659115,2.0306122448979593,2.035714285714286,2,0.375,0.1767766952966369,0.25,0.5
combined_shap,CombinedSHAP*,Severi-derived,spectral_signature,Spectral Signature,2,0.875,0.0589255650988789,0.8333333333333334,0.9166666666666666,2,10.5,0.7071067811865476,10,11,2,1189.5,0.7071067811865476,1189,1190,2,1200.0,0.0,1200,1200,2,2.0229591836734695,0.0012025625530382,2.022108843537415,2.0238095238095237,2,0.875,0.0589255650988789,0.8333333333333334,0.9166666666666666
corr_count_abs_shap,CorrCountAbsSHAP,This work,spectral_signature,Spectral Signature,2,0.7083333333333334,0.6481812160876687,0.25,1.1666666666666667,2,8.5,7.7781745930520225,3,14,2,1191.5,7.7781745930520225,1186,1197,2,1200.0,0.0,1200,1200,2,2.0263605442176873,0.0132281880834219,2.017006802721089,2.035714285714286,2,0.7083333333333334,0.6481812160876687,0.25,1.1666666666666667
frequency_bounded_signed_shap,FrequencyBoundedSignedSHAP,This work,spectral_signature,Spectral Signature,2,0.5416666666666667,0.7660323462854266,0.0,1.0833333333333337,2,6.5,9.192388155425116,0,13,2,1193.5,9.192388155425116,1187,1200,2,1200.0,0.0,1200,1200,2,2.029761904761905,0.0156333131894982,2.0187074829931975,2.0408163265306123,2,0.5416666666666667,0.7660323462854266,0.0,1.0833333333333337
low_shap_signed,LowSHAPSigned,This work,spectral_signature,Spectral Signature,2,1.25,1.7677669529663689,0.0,2.5,2,15.0,21.213203435596427,0,30,2,1185.0,21.213203435596427,1170,1200,2,1200.0,0.0,1200,1200,2,2.0153061224489797,0.0360768765911504,1.9897959183673468,2.0408163265306123,2,1.25,1.7677669529663689,0.0,2.5
min_population_new,MinPopulation*,Severi-derived,spectral_signature,Spectral Signature,2,0.0,0.0,0.0,0.0,2,0.0,0.0,0,0,2,1200.0,0.0,1200,1200,2,1200.0,0.0,1200,1200,2,2.0408163265306123,0.0,2.0408163265306123,2.0408163265306123,2,0.0,0.0,0.0,0.0
quantile_95,Quantile95,This work,spectral_signature,Spectral Signature,2,0.4583333333333333,0.6481812160876685,0.0,0.9166666666666666,2,5.5,7.7781745930520225,0,11,2,1194.5,7.7781745930520225,1189,1200,2,1200.0,0.0,1200,1200,2,2.0314625850340136,0.0132281880834219,2.022108843537415,2.0408163265306123,2,0.4583333333333333,0.6481812160876685,0.0,0.9166666666666666
