dataset,verification_status,source_initial_model,target_victim_model,target_model_family,original_queryscore_hard_benign_asr_pct,original_queryscore_malware_score_matching_asr_pct,q25_hard_benign_asr_pct,q25_malware_score_matching_asr_pct,asr_min_pct,asr_max_pct,asr_mean_pct,clean_accuracy_min_pct,clean_accuracy_max_pct,poison_rate_of_benign_pct,trigger_feature_count,notes
win64,verified_from_current_win64_transfer_outputs,lightgbm,lightgbm,Gradient-boosted decision trees,98.9667,98.6667,99.3667,99.2333,98.6667,99.3667,99.05834999999999,,,2,19,Same-model LightGBM reference ASR from source ledger.
win64,verified_from_current_win64_transfer_outputs,lightgbm,xgboost,Gradient-boosted decision trees,96.6,96.8667,98.8667,99.0667,96.6,99.0667,97.85002499999999,94.5667,94.9,2,19,Transferred victim result across four matched trigger/sampler settings.
win64,verified_from_current_win64_transfer_outputs,lightgbm,hist_gradient_boosting,Gradient-boosted decision trees,99.0667,97.8667,98.5,98.6333,97.8667,99.0667,98.516675,95.4667,95.8667,2,19,Transferred victim result across four matched trigger/sampler settings.
win64,verified_from_current_win64_transfer_outputs,lightgbm,catboost,Gradient-boosted decision trees,22.8667,23,28.6,26.5667,22.8667,28.6,25.25835,93.6,93.8,2,19,Transferred victim result across four matched trigger/sampler settings.
win64,verified_from_current_win64_transfer_outputs,lightgbm,random_forest,Bagged decision-tree ensemble,7.8667,7.9333,9.0333,9.0333,7.8667,9.0333,8.466650000000001,94.1333,94.4333,2,19,Transferred victim result across four matched trigger/sampler settings.
win64,verified_from_current_win64_transfer_outputs,lightgbm,mlp,Feed-forward neural network,29.6333,30.3667,53.2333,47,29.6333,53.2333,40.058324999999996,89.5333,91.1333,2,19,Transferred victim result across four matched trigger/sampler settings.
ember2018,unverified_dataset_runtime_mismatch_suspected,lightgbm,lightgbm,Gradient-boosted decision trees,92.1667,92.1667,91.7,91.7,91.7,92.1667,91.93335,,,2,17,Legacy recorded value only; do not cite as an EMBER 2018 result until rerun with the correct dataset runtime and matched clean-victim baseline.
ember2018,unverified_dataset_runtime_mismatch_suspected,lightgbm,xgboost,Gradient-boosted decision trees,97.7667,97.9,97.6667,97.6667,97.6667,97.9,97.750025,94.7333,94.8333,2,17,Legacy recorded value only; do not cite as an EMBER 2018 result until rerun with the correct dataset runtime and matched clean-victim baseline.
ember2018,unverified_dataset_runtime_mismatch_suspected,lightgbm,hist_gradient_boosting,Gradient-boosted decision trees,97.9667,98,98.0667,98.0667,97.9667,98.0667,98.025025,95.5667,95.7,2,17,Legacy recorded value only; do not cite as an EMBER 2018 result until rerun with the correct dataset runtime and matched clean-victim baseline.
ember2018,unverified_dataset_runtime_mismatch_suspected,lightgbm,catboost,Gradient-boosted decision trees,43.5667,41.8333,34.1667,32.0333,32.0333,43.5667,37.9,93.6333,93.7667,2,17,Legacy recorded value only; do not cite as an EMBER 2018 result until rerun with the correct dataset runtime and matched clean-victim baseline.
ember2018,unverified_dataset_runtime_mismatch_suspected,lightgbm,random_forest,Bagged decision-tree ensemble,13.2333,13.0333,12.1,11.5667,11.5667,13.2333,12.483325,94.0333,94.2,2,17,Legacy recorded value only; do not cite as an EMBER 2018 result until rerun with the correct dataset runtime and matched clean-victim baseline.
ember2018,unverified_dataset_runtime_mismatch_suspected,lightgbm,mlp,Feed-forward neural network,83.3667,85.8,86.9333,85.8667,83.3667,86.9333,85.491675,90.4333,92.1,2,17,Legacy recorded value only; do not cite as an EMBER 2018 result until rerun with the correct dataset runtime and matched clean-victim baseline.
